codigo;descripcion;familia;rubro;subrubro;proveedor;costo;iva;ganancia;moneda;codigo barra;ubicación;stock
101170100400001;TUBO Ř 40 x 1 MT JUNTA ELÁSTICA;;;;;4187;21;35;$;;;
101170100400002;TUBO Ř 40 x 2 MTS JUNTA ELÁSTICA;;;;;6550;21;35;$;;;
101170100400003;TUBO Ř 40 x 3 MT JUNTA ELÁSTICA;;;;;8932;21;35;$;;;
101170100400004;TUBO Ř 40 x 4 MTS JUNTA ELÁSTICA;;;;;11909;21;35;$;;;
101170100500001;TUBO Ř 50 x 1 MT JUNTA ELÁSTICA;;;;;5704;21;35;$;;;
101170100500002;TUBO Ř 50 x 2 MTS JUNTA ELÁSTICA;;;;;8819;21;35;$;;;
101170100500003;TUBO Ř 50 x 3 MT JUNTA ELÁSTICA;;;;;12026;21;35;$;;;
101170100500004;TUBO Ř 50 x 4 MTS JUNTA ELÁSTICA;;;;;16035;21;35;$;;;
101170100630001;TUBO Ř 63 x 1 MT JUNTA ELÁSTICA;;;;;7347;21;35;$;;;
101170100630002;TUBO Ř 63 x 2 MTS JUNTA ELÁSTICA;;;;;10918;21;35;$;;;
101170100630003;TUBO Ř 63 x 3 MT JUNTA ELÁSTICA;;;;;14888;21;35;$;;;
101170100630004;TUBO Ř 63 x 4 MTS JUNTA ELÁSTICA;;;;;19851;21;35;$;;;
101170101100001;TUBO Ř 110 x 1 MT JUNTA ELÁSTICA;;;;;13441;21;35;$;;;
101170101100002;TUBO Ř 110 x 2 MTS JUNTA ELÁSTICA;;;;;19968;21;35;$;;;
101170101100003;TUBO Ř 110 x 3 MT JUNTA ELÁSTICA;;;;;27229;21;35;$;;;
101170101100004;TUBO Ř 110 x 4 MTS JUNTA ELÁSTICA;;;;;36305;21;35;$;;;
101170101101004;TUBO Ř 110 x 4 MTS JUNTA ELÁSTICA PLUVIAL;;;;;25963;21;35;$;;;
101170203004000;CUPLA DESLIZANTE Ř 40 HH JUNTA ELÁSTICA;;;;;1481;21;35;$;;;
101170203005000;CUPLA DESLIZANTE Ř 50 HH JUNTA ELÁSTICA;;;;;1727;21;35;$;;;
101170203006300;CUPLA DESLIZANTE Ř 63 HH JUNTA ELÁSTICA;;;;;2294;21;35;$;;;
101170203011000;CUPLA DESLIZANTE Ř 110 HH JUNTA ELÁSTICA;;;;;4806;21;35;$;;;
101170203004001;CUPLA CON TOPE Ř 40 HH JUNTA ELÁSTICA;;;;;1481;21;35;$;;;
101170203005001;CUPLA CON TOPE Ř 50 HH JUNTA ELÁSTICA;;;;;1727;21;35;$;;;
101170203006301;CUPLA CON TOPE Ř 63 HH JUNTA ELÁSTICA;;;;;2294;21;35;$;;;
101170203011001;CUPLA CON TOPE Ř 110 HH JUNTA ELÁSTICA;;;;;4806;21;35;$;;;
101170204904000;CODO A 90ş  Ř 40 MH JUNTA ELÁSTICA;;;;;972;21;35;$;;;
101170204905000;CODO A 90ş  Ř 50 MH JUNTA ELÁSTICA;;;;;1365;21;35;$;;;
101170204906300;CODO A 90ş  Ř 63 MH JUNTA ELÁSTICA;;;;;2422;21;35;$;;;
101170204901100;CODO A 90ş  Ř 110 MH JUNTA ELÁSTICA;;;;;5048;21;35;$;;;
101170204904001;CODO A 90ş  Ř 40 HH JUNTA ELÁSTICA;;;;;1203;21;35;$;;;
101170204905001;CODO A 90ş  Ř 50 HH JUNTA ELÁSTICA *NUEVO*;;;;;1686;21;35;$;;;
101170204906301;CODO A 90ş  Ř 63 HH JUNTA ELÁSTICA *NUEVO*;;;;;2826;21;35;$;;;
101170204110901;CODO A 90ş  Ř 110 HH JUNTA ELÁSTICA;;;;;6041;21;35;$;;;
101170205454000;CODO A 45ş  Ř 40 MH JUNTA ELÁSTICA;;;;;898;21;35;$;;;
101170205455000;CODO A 45ş  Ř 50 MH JUNTA ELÁSTICA;;;;;1365;21;35;$;;;
101170205456300;CODO A 45ş  Ř 63 MH JUNTA ELÁSTICA;;;;;2294;21;35;$;;;
101170205451100;CODO A 45ş  Ř 110 MH JUNTA ELÁSTICA;;;;;4647;21;35;$;;;
101170205454001;CODO A 45ş  Ř 40 HH JUNTA ELÁSTICA *NUEVO*;;;;;1140;21;35;$;;;
101170205455001;CODO A 45ş  Ř 50 HH JUNTA ELÁSTICA *NUEVO*;;;;;1680;21;35;$;;;
101170205456301;CODO A 45ş  Ř 63 HH JUNTA ELÁSTICA *NUEVO*;;;;;2704;21;35;$;;;
101170205451101;CODO A 45ş  Ř 110 HH JUNTA ELÁSTICA;;;;;5570;21;35;$;;;
101170207050400;REDUCCIÓN EXCÉNTRICA Ř 50x40 MH JUNTA ELÁSTICA *NUEVO*;;;;;1395;21;35;$;;;
101170207063500;REDUCCIÓN EXCÉNTRICA Ř 63x50 MH JUNTA ELÁSTICA *NUEVO*;;;;;1692;21;35;$;;;
101170207011063;REDUCCIÓN EXCÉNTRICA Ř 110x63 MH JUNTA ELÁSTICA *NUEVO*;;;;;3941;21;35;$;;;
101170208040000;TAPA Ř 40 H JUNTA ELÁSTICA ;;;;;813;21;35;$;;;
101170208050000;TAPA Ř 50 H JUNTA ELÁSTICA *NUEVO*;;;;;1395;21;35;$;;;
101170208063000;TAPA Ř 63 H JUNTA ELÁSTICA *NUEVO*;;;;;2256;21;35;$;;;
101170208011000;TAPA Ř 110 H JUNTA ELÁSTICA *NUEVO*;;;;;3602;21;35;$;;;
101170208140000;TAPÓN Ř 40 M JUNTA ELÁSTICA - PROXIMAMENTE (MAYO 2026)  ;;;;;0;21;35;$;;;
101170208150000;TAPÓN Ř 50 M JUNTA ELÁSTICA - PROXIMAMENTE (MAYO 2026)  ;;;;;0;21;35;$;;;
101170208163000;TAPÓN Ř 63 M JUNTA ELÁSTICA - PROXIMAMENTE (MAYO 2026)  ;;;;;0;21;35;$;;;
101170208111000;TAPÓN Ř 110 M JUNTA ELÁSTICA *NUEVO*;;;;;2241;21;35;$;;;
101170206110633;CODO A 90ş CON 3 ACOMETIDAS Ř 110x63 MH JUNTA ELÁSTICA;;;;;9677;21;35;$;;;
101170206040000;CODO CORTO A 90ş Ř 40 HH JUNTA ELÁSTICA *NUEVO*;;;;;1476;21;35;$;;;
101170206110400;RECEPTACULO DE DUCHA Ř110x40 MH JUNTA ELÁSTICA *NUEVO*;;;;;7737;21;35;$;;;
101170206454040;RAMAL SIMPLE A 45ş  Ř 40x40 MHH JUNTA ELÁSTICA *NUEVO*;;;;;1856;21;35;$;;;
101170206456363;RAMAL SIMPLE A 45ş  Ř 63x63 MHH JUNTA ELÁSTICA *NUEVO*;;;;;5033;21;35;$;;;
101170206451111;RAMAL SIMPLE A 45ş  Ř 110x110 MHH JUNTA ELÁSTICA;;;;;10643;21;35;$;;;
101170206451163;RAMAL SIMPLE A 45ş  Ř 110x63 MHH JUNTA ELÁSTICA;;;;;8028;21;35;$;;;
101170206904040;RAMAL SIMPLE A 90ş  Ř 40x40 MHH JUNTA ELÁSTICA *NUEVO*;;;;;1763;21;35;$;;;
101170206906363;RAMAL SIMPLE A 90ş  Ř 63x63 MHH JUNTA ELÁSTICA *NUEVO*;;;;;4790;21;35;$;;;
101170206901111;RAMAL SIMPLE A 90ş  Ř 110x110 MHH JUNTA ELÁSTICA;;;;;8496;21;35;$;;;
101170206901163;RAMAL SIMPLE A 90ş  Ř 110x63 MHH JUNTA ELÁSTICA *NUEVO*;;;;;6707;21;35;$;;;
101170207636000;CAŃO CAMARA Ř110 MH JUNTA ELÁSTICA;;;;;10611;21;35;$;;;
101170207635000;BOCA DE ACCESO DE COCINA (3 ENTRADAS) Ř 63x50 JUNTA ELÁSTICA;;;;;10362;21;35;$;;;
101170207634003;PILETA DE PATIO CON SIFÓN DESMONTABLE (3 ENTRADAS) Ř 40x63 JUNTA ELÁSTICA;;;;;11857;21;35;$;;;
101170207634005;PILETA DE PATIO CON SIFÓN DESMONTABLE (5 ENTRADAS) Ř 40x63 JUNTA ELÁSTICA;;;;;13649;21;35;$;;;
101170207021212;PORTA REJILLA CON REJILLA DE ACERO INOXIDABLE + REJILLA ANTI-INSECTOS 12x12 Ř 110  ;;;;;8330;21;35;$;;;
101170207010808;PORTA REJILLA CON REJILLA DE ACERO INOXIDABLE 8 x 8 Ř 40;;;;;6616;21;35;$;;;
101170207011212;PORTA REJILLA CON TAPA CIEGA DE ACERO INOXIDABLE 12x12 Ř 110;;;;;8330;21;35;$;;;
101170207630001;REPUESTO SIFÓN PARA PILETA DE PATIO;;;;;2145;21;35;$;;;
101170207010001;REPUESTO REJILLA ANTI-INSECTOS;;;;;900;21;35;$;;;
101170207010002;REPUESTO REJILLA DE ACERO INOXIDABLE 12x12;;;;;5535;21;35;$;;;
101170207010003;REPUESTO REJILLA DE ACERO INOXIDABLE 8x8 ;;;;;3724;21;35;$;;;
101170207010004;REPUESTO TAPA CIEGA DE ACERO INOXIDABLE 12x12;;;;;4601;21;35;$;;;
101170207630002;SOLUCIÓN LUBRICANTE EN AEROSOL x 400cc;;;;;19097;21;35;$;;;
101130212532004;TUBO PN 12 Ř 32 X 4 Mts;;;;;12984;21;35;$;;;
101130212540004;TUBO PN 12 Ř 40 X 4 Mts;;;;;21935;21;35;$;;;
101130212550004;TUBO PN 12 Ř 50 X 4 Mts;;;;;28869;21;35;$;;;
101130212563004;TUBO PN 12 Ř 63 X 4 Mts;;;;;43600;21;35;$;;;
101130212575004;TUBO PN 12 Ř 75 X 4 Mts;;;;;61717;21;35;$;;;
101130212590004;TUBO PN 12 Ř 90 X 4 Mts;;;;;90763;21;35;$;;;
101130212511004;TUBO PN 12 Ř 110 X 4 Mts;;;;;135333;21;35;$;;;
101130220020004;TUBO PN 20 Ř 20 X 4 Mts;;;;;6361;21;35;$;;;
101130220025004;TUBO PN 20 Ř 25 X 4 Mts;;;;;9574;21;35;$;;;
101130220032004;TUBO PN 20 Ř 32 X 4 Mts;;;;;15547;21;35;$;;;
101130220040004;TUBO PN 20 Ř 40 X 4 Mts;;;;;25182;21;35;$;;;
101130220050004;TUBO PN 20 Ř 50 X 4 Mts;;;;;36642;21;35;$;;;
101130220063004;TUBO PN 20 Ř 63 X 4 Mts;;;;;63079;21;35;$;;;
101130220075004;TUBO PN 20 Ř 75 X 4 Mts;;;;;89674;21;35;$;;;
101130220090004;TUBO PN 20 Ř 90 X 4 Mts;;;;;133686;21;35;$;;;
101130220110004;TUBO PN 20 Ř 110 X 4 Mts;;;;;196873;21;35;$;;;
101130320000001;TUBOCOBERTOR PN 20 Ř 20 X 4 Mts;;;;;10582;21;35;$;;;
101130325000001;TUBOCOBERTOR PN 20 Ř 25 X 4 Mts;;;;;15376;21;35;$;;;
101130332000001;TUBOCOBERTOR PN 20 Ř 32 X 4 Mts;;;;;23895;21;35;$;;;
101203105200000;CODO A 90ş  Ř 20  ;;;;;351;21;35;$;;;
101203105250000;CODO A 90ş  Ř 25  ;;;;;551;21;35;$;;;
101203105320000;CODO A 90ş  Ř 32  ;;;;;947;21;35;$;;;
101203105400000;CODO A 90ş  Ř 40  ;;;;;2020;21;35;$;;;
101203105500000;CODO A 90ş  Ř 50  ;;;;;3864;21;35;$;;;
101203105630000;CODO A 90ş  Ř 63  ;;;;;6620;21;35;$;;;
101203105750000;CODO A 90ş  Ř 75  ;;;;;0;21;35;$;;;
101203105900000;CODO A 90ş  Ř 90  ;;;;;0;21;35;$;;;
101203104200000;CODO A 45ş  Ř 20  ;;;;;386;21;35;$;;;
101203104250000;CODO A 45ş  Ř 25  ;;;;;617;21;35;$;;;
101203104320000;CODO A 45ş  Ř 32  ;;;;;1157;21;35;$;;;
101203104400000;CODO A 45ş  Ř 40 - PROXIMAMENTE (MAYO 2026)  ;;;;;0;21;35;$;;;
101203104500000;CODO A 45ş  Ř 50 - PROXIMAMENTE (MAYO 2026)  ;;;;;0;21;35;$;;;
101203104630000;CODO A 45ş  Ř 63 - PROXIMAMENTE (MAYO 2026)  ;;;;;0;21;35;$;;;
101203104750000;CODO A 45ş  Ř 75 *NUEVO*;;;;;18422;21;35;$;;;
101203104900000;CODO A 45ş  Ř 90 *NUEVO*;;;;;36596;21;35;$;;;
101203108200000;CUPLA UNION  Ř 20  ;;;;;273;21;35;$;;;
101203108250000;CUPLA UNION  Ř 25  ;;;;;442;21;35;$;;;
101203108320000;CUPLA UNION  Ř 32  ;;;;;624;21;35;$;;;
101203108400000;CUPLA UNION  Ř 40  ;;;;;1178;21;35;$;;;
101203108500000;CUPLA UNION  Ř 50  ;;;;;2349;21;35;$;;;
101203108630000;CUPLA UNION  Ř 63  ;;;;;4769;21;35;$;;;
101203108750000;CUPLA UNION  Ř 75  ;;;;;0;21;35;$;;;
101203108900000;CUPLA UNION  Ř 90  ;;;;;0;21;35;$;;;
101203109202000;BUJE DE REDUCCION  Ř 25x20  ;;;;;442;21;35;$;;;
101203109322000;BUJE DE REDUCCION  Ř 32x20  ;;;;;652;21;35;$;;;
101203109322500;BUJE DE REDUCCION  Ř 32x25  ;;;;;652;21;35;$;;;
101203109402500;BUJE DE REDUCCION  Ř 40x25  ;;;;;1017;21;35;$;;;
101203109403200;BUJE DE REDUCCION  Ř 40x32  ;;;;;1017;21;35;$;;;
101203109502500;BUJE DE REDUCCION  Ř 50x25  ;;;;;0;21;35;$;;;
101203109503200;BUJE DE REDUCCION  Ř 50x32  ;;;;;1893;21;35;$;;;
101203109504000;BUJE DE REDUCCION  Ř 50x40  ;;;;;2034;21;35;$;;;
101203109633200;BUJE DE REDUCCION  Ř 63x32  ;;;;;2560;21;35;$;;;
101203109634000;BUJE DE REDUCCION  Ř 63x40  ;;;;;3226;21;35;$;;;
101203109635000;BUJE DE REDUCCION  Ř 63x50  ;;;;;3647;21;35;$;;;
101203112200000;TAPA  Ř 20  ;;;;;266;21;35;$;;;
101203112250000;TAPA  Ř 25  ;;;;;400;21;35;$;;;
101203112320000;TAPA  Ř 32  ;;;;;491;21;35;$;;;
101203112400000;TAPA  Ř 40  ;;;;;1297;21;35;$;;;
101203112500000;TAPA  Ř 50  ;;;;;2034;21;35;$;;;
101203112630000;TAPA  Ř 63 *NUEVO*;;;;;5416;21;35;$;;;
101203112750000;TAPA  Ř 75  ;;;;;0;21;35;$;;;
101203112900000;TAPA  Ř 90  ;;;;;0;21;35;$;;;
101203116200000;TEE  Ř 20  ;;;;;561;21;35;$;;;
101203116250000;TEE  Ř 25  ;;;;;947;21;35;$;;;
101203116320000;TEE  Ř 32  ;;;;;1438;21;35;$;;;
101203116400000;TEE  Ř 40  ;;;;;2539;21;35;$;;;
101203116500000;TEE  Ř 50;;;;;5028;21;35;$;;;
101203116630000;TEE  Ř 63;;;;;8191;21;35;$;;;
101203116750000;TEE  Ř 75;;;;;0;21;35;$;;;
101203116900000;TEE  Ř 90;;;;;0;21;35;$;;;
101203116252025;TEE RED. CENTRAL  Ř 25 x 20 x 25  ;;;;;898;21;35;$;;;
101203116322032;TEE RED. CENTRAL  Ř 32 x 20 x 32  ;;;;;1683;21;35;$;;;
101203116322532;TEE RED. CENTRAL  Ř 32 x 25 x 32  ;;;;;1473;21;35;$;;;
101203116402040;TEE RED. CENTRAL  Ř 40 x 20 x 40  ;;;;;0;21;35;$;;;
101203116402540;TEE RED. CENTRAL  Ř 40 x 25 x 40  ;;;;;0;21;35;$;;;
101203116403240;TEE RED. CENTRAL  Ř 40 x 32 x 40  ;;;;;2455;21;35;$;;;
101203116502550;TEE RED. CENTRAL  Ř 50 x 25x 50  ;;;;;4067;21;35;$;;;
101203116503250;TEE RED. CENTRAL  Ř 50 x 32 x 50  ;;;;;4138;21;35;$;;;
101203116504050;TEE RED. CENTRAL  Ř 50 x 40 x 50  ;;;;;4418;21;35;$;;;
101203116634063;TEE RED. CENTRAL  Ř 63 x 40 x 63 *NUEVO*;;;;;8731;21;35;$;;;
101203116635063;TEE RED. CENTRAL  Ř 63 x 50 x 63  ;;;;;9033;21;35;$;;;
101203116754075;TEE RED. CENTRAL  Ř 75 x 40 x 75  ;;;;;0;21;35;$;;;
101203116755075;TEE RED. CENTRAL  Ř 75 x 50 x 75  ;;;;;0;21;35;$;;;
101203116756375;TEE RED. CENTRAL  Ř 75 x 63 x 75  ;;;;;0;21;35;$;;;
101203125402040;COLECTOR MODULAR MHH  Ř 40 x 20;;;;;0;21;35;$;;;
101203125402540;COLECTOR MODULAR MHH  Ř 40 x 25;;;;;0;21;35;$;;;
101203125502550;COLECTOR MODULAR MHH  Ř 50 x 25;;;;;11220;21;35;$;;;
101203125503250;COLECTOR MODULAR MHH  Ř 50 x 32;;;;;10169;21;35;$;;;
101203102200000;CURVA A 90ş  Ř 20  ;;;;;1368;21;35;$;;;
101203102250000;CURVA A 90ş  Ř 25  ;;;;;1823;21;35;$;;;
101203102320000;CURVA A 90ş  Ř 32  ;;;;;3016;21;35;$;;;
101203102400000;CURVA A 90ş  Ř 40  ;;;;;0;21;35;$;;;
101203102500000;CURVA A 90ş  Ř 50  ;;;;;0;21;35;$;;;
101203102630000;CURVA A 90ş  Ř 63  ;;;;;0;21;35;$;;;
101203140200000;SOBREPASO FORMADA Ř 20  ;;;;;1718;21;35;$;;;
101203140250000;SOBREPASO FORMADA Ř 25  ;;;;;2472;21;35;$;;;
101203140320000;SOBREPASO FORMADA Ř 32  ;;;;;3857;21;35;$;;;
101203140200001;SOBREPASO CORTA INYECTADA Ř 20 HH *NUEVO*;;;;;1372;21;35;$;;;
101203140250001;SOBREPASO CORTA INYECTADA Ř 25 HH *NUEVO*;;;;;2011;21;35;$;;;
101203140320001;SOBREPASO CORTA INYECTADA Ř 32 HH *NUEVO*;;;;;3013;21;35;$;;;
101203106201200;"CODO A 90ş ROSCA M  Ř 20 x ˝""";;;;;3857;21;35;$;;;
101203106251200;"CODO A 90ş ROSCA M  Ř 25 x ˝""";;;;;4488;21;35;$;;;
101203106253400;"CODO A 90ş ROSCA M  Ř 25 x ľ""";;;;;5189;21;35;$;;;
101203106323400;"CODO A 90ş ROSCA M  Ř 32 x ľ""";;;;;7995;21;35;$;;;
101203106321000;"CODO A 90ş ROSCA M  Ř 32 x 1""";;;;;8415;21;35;$;;;
101203107201200;"CODO A 90ş ROSCA H  Ř 20 x ˝""";;;;;2805;21;35;$;;;
101203107251200;"CODO A 90ş ROSCA H  Ř 25 x ˝""";;;;;3857;21;35;$;;;
101203107253400;"CODO A 90ş ROSCA H  Ř 25 x ľ""";;;;;3927;21;35;$;;;
101203107323400;"CODO A 90ş ROSCA H  Ř 32 x ľ""";;;;;6438;21;35;$;;;
101203107321000;"CODO A 90ş ROSCA H  Ř 32 x 1"" ";;;;;7413;21;35;$;;;
101203107201202;"CODO A 90ş ROSCA H  Ř 20 x ˝""   SINTETICA";;;;;1592;21;35;$;;;
101203107251202;"CODO A 90ş ROSCA H  Ř 25 x ˝""  SINTETICA";;;;;2083;21;35;$;;;
101203107253402;"CODO A 90ş ROSCA H  Ř 25 x ľ""   SINTETICA";;;;;2335;21;35;$;;;
101203117201200;"TEE ROSCA M  Ř 20 x ˝""";;;;;4418;21;35;$;;;
101203117251200;"TEE ROSCA M  Ř 25 x ˝""";;;;;5470;21;35;$;;;
101203117253400;"TEE ROSCA M  Ř 25 x ľ""";;;;;6312;21;35;$;;;
101203117323400;"TEE ROSCA M  Ř 32 x ľ""";;;;;7013;21;35;$;;;
101203117321000;"TEE ROSCA M  Ř 32 x 1""";;;;;11571;21;35;$;;;
101203118201200;"TEE ROSCA H  Ř 20 x ˝""";;;;;3682;21;35;$;;;
101203118251200;"TEE ROSCA H  Ř 25 x ˝""";;;;;4348;21;35;$;;;
101203118253400;"TEE ROSCA H  Ř 25 x ľ""";;;;;5680;21;35;$;;;
101203118323400;"TEE ROSCA H  Ř 32 x ľ""";;;;;6662;21;35;$;;;
101203118321000;"TEE ROSCA H  Ř 32 x 1""";;;;;8766;21;35;$;;;
101203110201200;"CUPLA ROSCA M  Ř 20 x ˝""";;;;;3366;21;35;$;;;
101203110203400;"CUPLA ROSCA M  Ř 20 x ľ"" *NUEVO*";;;;;5000;21;35;$;;;
101203110251200;"CUPLA ROSCA M  Ř 25 x ˝""";;;;;3717;21;35;$;;;
101203110253400;"CUPLA ROSCA M  Ř 25 x ľ""";;;;;4348;21;35;$;;;
101203110323400;"CUPLA ROSCA M  Ř 32 x ľ""";;;;;7504;21;35;$;;;
101203110321000;"CUPLA ROSCA M  Ř 32 x 1""";;;;;8906;21;35;$;;;
101203110401140;"CUPLA ROSCA M  Ř 40 x 1Ľ""";;;;;17181;21;35;$;;;
101203110501120;"CUPLA ROSCA M  Ř 50 x 1˝""";;;;;23142;21;35;$;;;
101203110632000;"CUPLA ROSCA M  Ř 63 x 2""";;;;;35345;21;35;$;;;
101203110752120;"CUPLA ROSCA M  Ř 75 x 2˝""";;;;;0;21;35;$;;;
101203111203800;"CUPLA ROSCA H  Ř 20 x ?""";;;;;2735;21;35;$;;;
101203111201200;"CUPLA ROSCA H  Ř 20 x ˝""";;;;;2700;21;35;$;;;
101203111203400;"CUPLA ROSCA H  Ř 20 x ľ"" *NUEVO*";;;;;4516;21;35;$;;;
101203111251200;"CUPLA ROSCA H  Ř 25 x ˝""";;;;;3156;21;35;$;;;
101203111253400;"CUPLA ROSCA H  Ř 25 x ľ""";;;;;3927;21;35;$;;;
101203111323400;"CUPLA ROSCA H  Ř 32 x ľ""";;;;;6031;21;35;$;;;
101203111321000;"CUPLA ROSCA H  Ř 32 x 1"" ";;;;;7013;21;35;$;;;
101203111401140;"CUPLA ROSCA H  Ř 40 x 1Ľ""";;;;;14026;21;35;$;;;
101203111501120;"CUPLA ROSCA H  Ř 50 x 1˝""";;;;;18233;21;35;$;;;
101203111632000;"CUPLA ROSCA H  Ř 63 x 2""";;;;;28051;21;35;$;;;
101203111752120;"CUPLA ROSCA H  Ř 75 x 2˝""";;;;;0;21;35;$;;;
101203121400001;UNION DOBLE C/BRIDA HH Ř 40;;;;;17251;21;35;$;;;
101203121500001;UNION DOBLE C/BRIDA HH Ř 50;;;;;18864;21;35;$;;;
101203121630001;UNION DOBLE C/BRIDA HH Ř 63;;;;;22511;21;35;$;;;
101203121750001;UNION DOBLE C/BRIDA HH Ř 75;;;;;0;21;35;$;;;
101203121900001;UNION DOBLE C/BRIDA HH Ř 90;;;;;0;21;35;$;;;
101203121200000;UNION DOBLE  Ř 20  HH;;;;;1473;21;35;$;;;
101203121250000;UNION DOBLE  Ř 25  HH;;;;;2034;21;35;$;;;
101203121320000;UNION DOBLE  Ř 32  HH;;;;;3226;21;35;$;;;
101203121400000;UNION DOBLE  Ř 40  HH;;;;;0;21;35;$;;;
101203121500000;UNION DOBLE  Ř 50  HH;;;;;0;21;35;$;;;
101203130200001;LLAVE DE PASO C/BRONCE Ř 20;;;;;20337;21;35;$;;;
101203130250001;LLAVE DE PASO C/BRONCE Ř 25;;;;;24545;21;35;$;;;
101203130320001;LLAVE DE PASO C/BRONCE Ř 32;;;;;0;21;35;$;;;
101203132200000;CABEZAL DE BRONCE Ř 20/25;;;;;10716;21;35;$;;;
101203132320000;CABEZAL DE BRONCE Ř 32;;;;;0;21;35;$;;;
101203131200001;LLAVE DE PASO C/BRONCE Y POLIAMIDA Ř 20;;;;;16129;21;35;$;;;
101203131250001;LLAVE DE PASO C/BRONCE Y POLIAMIDA Ř 25;;;;;17883;21;35;$;;;
101203131320001;LLAVE DE PASO C/BRONCE Y POLIAMIDA Ř 32;;;;;0;21;35;$;;;
101203133200000;CABEZAL DE BRONCE Y POLIAMIDA Ř 20/25;;;;;6487;21;35;$;;;
101203133320000;CABEZAL DE BRONCE Y POLIAMIDA Ř 32;;;;;0;21;35;$;;;
101203134100000;CAPUCHON C/CAMPANA (CROMADO);;;;;4894;21;35;$;;;
101203150200001;VALVULA ESFERICA Ř 20;;;;;23675;21;35;$;;;
101203150250001;VALVULA ESFERICA Ř 25;;;;;26077;21;35;$;;;
101201699600595;VALVULA ESFERICA Ř 32 *NUEVO*;;;;;25338;21;35;$;;;
101201699600596;VALVULA ESFERICA Ř 40 *NUEVO*;;;;;51939;21;35;$;;;
101201699600597;VALVULA ESFERICA Ř 50 *NUEVO*;;;;;59538;21;35;$;;;
101201699600598;VALVULA ESFERICA Ř 63 *NUEVO*;;;;;95958;21;35;$;;;
101150100000001;CANALETA x 3MTS;;;;;34427;21;35;$;;;
101150211500002;TUBO DE DESCARGA Ř115 x 1MT;;;;;12615;21;35;$;;;
101150211500001;TUBO DE DESCARGA Ř115 x 3MTS;;;;;37841;21;35;$;;;
101150400000001;EMBUDO DE DESCARGA;;;;;10865;21;35;$;;;
101150400000002;UNION DE CANALETA;;;;;3727;21;35;$;;;
101150400000009;ESQUINERO CANALETA INTERIOR/EXTERIOR;;;;;11437;21;35;$;;;
101150300000001;SOPORTE CANALETA;;;;;3447;21;35;$;;;
101150400000003;CODO Ř115 A 87°;;;;;10629;21;35;$;;;
101150400000004;CODO Ř115 A 67°;;;;;9966;21;35;$;;;
101150400000006;TAPA CANALETA IZQUIERDA;;;;;2646;21;35;$;;;
101150400000005;TAPA CANALETA DERECHA;;;;;2646;21;35;$;;;
101150400000008;TAPA EMBUDO IZQUIERDA;;;;;2646;21;35;$;;;
101150400000007;TAPA EMBUDO DERECHA;;;;;2646;21;35;$;;;
101150300000002;GRAMPA P/TUBO DE DESCARGA;;;;;3226;21;35;$;;;
101150300000003;SOPORTE METALICO P/CHAPA;;;;;16248;21;35;$;;;
101150300000004;SOPORTE METALICO P/TEJA;;;;;16248;21;35;$;;;
101150300000005;SOPORTE METALICO P/CABIO;;;;;16248;21;35;$;;;
101010200040004;TUBO COMPACTO TJCA Ř40 x 4 J/P;;;;;12475;21;35;$;;;
101010200050004;TUBO COMPACTO TJCA Ř50 x 4 J/P;;;;;16083;21;35;$;;;
101010200063004;TUBO COMPACTO TJCA Ř63 x 4 J/P;;;;;19268;21;35;$;;;
101010200110004;TUBO COMPACTO TJCA Ř110 x 4 J/P;;;;;31084;21;35;$;;;
101010200160004;TUBO COMPACTO TJCA Ř160 x 4 J/P;;;;;68303;21;35;$;;;
101010300040004;TUBO COMPACTO TJCR Ř40 x 4 J/P;;;;;14175;21;35;$;;;
101010300050004;TUBO COMPACTO TJCR Ř50 x 4 J/P;;;;;17056;21;35;$;;;
101010300063004;TUBO COMPACTO TJCR Ř63 x 4 J/P;;;;;21897;21;35;$;;;
101010300110004;TUBO COMPACTO TJCR Ř110 x 4 J/P;;;;;38790;21;35;$;;;
101010300160004;TUBO COMPACTO TJCR Ř160 x 4 J/P;;;;;79728;21;35;$;;;
101010300200004;TUBO COMPACTO TJCR Ř200 x 4 J/P;;;;;100048;21;35;$;;;
101010200110104;TUBO COMPACTO TJCV Ř110 x 4 J/P;;;;;28345;21;35;$;;;
101010400040004;TUBO COMPACTO NJC Ř40 x 4 J/P;;;;;9895;21;35;$;;;
101010400050004;TUBO COMPACTO NJC Ř50 x 4 J/P;;;;;11890;21;35;$;;;
101010400060004;TUBO COMPACTO NJC Ř60 x 4 J/P;;;;;14496;21;35;$;;;
101010400100004;TUBO COMPACTO NJC Ř100 x 4 J/P;;;;;20570;21;35;$;;;
101010600100004;TUBO COMPACTO NJC Ř100 x 4 J/P SUPER REFORZADO;;;;;24339;21;35;$;;;
101040210040324;TUBO PVC P/DESAGŰE KJC IRAM Ř 40 x 3,2 x 4 J/P;;;;;18263;21;35;$;;;
101040210050324;TUBO PVC P/DESAGŰE KJC IRAM Ř 50 x 3,2 x 4 J/P;;;;;23925;21;35;$;;;
101040210063324;TUBO PVC P/DESAGŰE KJC IRAM Ř 63 x 3,2 x 4 J/P;;;;;29667;21;35;$;;;
101040210110324;TUBO PVC P/DESAGŰE KJC IRAM Ř 110 x 3,2 x 4 J/P;;;;;45146;21;35;$;;;
101040210160324;TUBO PVC P/DESAGŰE KJC IRAM Ř 160 x 3,2 x 4 J/P;;;;;66161;21;35;$;;;
101040210200404;TUBO PVC P/DESAGŰE KJC IRAM Ř 200 x 4,0 x 4 J/P;;;;;101546;21;35;$;;;
101040210110326;TUBO PVC P/DESAGŰE KJC IRAM Ř 110 x 3,2 x 6 J/P;;;;;67110;21;35;$;;;
101040210160326;TUBO PVC P/DESAGŰE KJC IRAM Ř 160 x 3,2 x 6 J/P;;;;;99241;21;35;$;;;
101040210200406;TUBO PVC P/DESAGŰE KJC IRAM Ř 200 x 4,0 x 6 J/P;;;;;152319;21;35;$;;;
101110380600606;TUBO PVC GRIS Ř 80 x 6  J/P (USO POCERO) *NUEVO*;;;;;45477;21;35;$;;;
101021710116001;TUBO PVC GRIS L-3.6 Ř 116 x 6  J/P (USO POCERO) ;;;;;71775;21;35;$;;;
101021710116002;TUBO PVC GRIS L-4.5 Ř 116 x 6  J/P (USO POCERO);;;;;81536;21;35;$;;;
101021710116003;TUBO PVC GRIS L-6 Ř 116 x 6  J/P (USO POCERO) ;;;;;100887;21;35;$;;;
101040301160003;Tubo PVC Encofrado Ř160 x 2,2 x 3  (mm / mm / mts) Liso sin Cabeza;;;;;41486;21;35;$;;;
101040301160004;Tubo PVC Encofrado Ř160 x 2,2 x 4  (mm / mm / mts) Liso sin Cabeza;;;;;55315;21;35;$;;;
101040301200003;Tubo PVC Encofrado Ř200 x 2,4 x 3  (mm / mm / mts) Liso sin Cabeza;;;;;56942;21;35;$;;;
101040301200004;Tubo PVC Encofrado Ř200 x 2,4 x 4  (mm / mm / mts) Liso sin Cabeza;;;;;75922;21;35;$;;;
101040301250003;Tubo PVC Encofrado Ř250 x 3,4 x 3  (mm / mm / mts) Liso sin Cabeza;;;;;85656;21;35;$;;;
101040301250004;Tubo PVC Encofrado Ř250 x 3,4 x 4  (mm / mm / mts) Liso sin Cabeza;;;;;114208;21;35;$;;;
101040301315003;Tubo PVC Encofrado Ř315 x 4,3 x 3  (mm / mm / mts) Liso sin Cabeza;;;;;162690;21;35;$;;;
101040301315004;Tubo PVC Encofrado Ř315 x 4,3 x 4  (mm / mm / mts) Liso sin Cabeza;;;;;216920;21;35;$;;;
101020100040006;TuboAgro YJLIV Celeste Ř40 x 6 (mm / mts) Junta Pegar;;;;;7281;21;35;$;;;
101020100050006;TuboAgro YJLIV Celeste Ř50 x 6 (mm / mts) Junta Pegar;;;;;9929;21;35;$;;;
101020100063006;TuboAgro YJLIV Celeste Ř63 x 6 (mm / mts) Junta Pegar;;;;;13900;21;35;$;;;
101020100075006;TuboAgro YJLIV Celeste Ř75 x 6 (mm / mts) Junta Pegar;;;;;19527;21;35;$;;;
101020100090006;TuboAgro YJLIV Celeste Ř90 x 6 (mm / mts) Junta Pegar;;;;;25815;21;35;$;;;
101020100110006;TuboAgro YJLIV Celeste Ř110 x 6 (mm / mts) Junta Pegar;;;;;34420;21;35;$;;;
101020100125006;TuboAgro YJLIV Celeste Ř125 x 6 (mm / mts) Junta Pegar;;;;;56661;21;35;$;;;
101020100140006;TuboAgro YJLIV Celeste Ř140 x 6 (mm / mts) Junta Pegar;;;;;71885;21;35;$;;;
101020100160006;TuboAgro YJLIV Celeste Ř160 x 6 (mm / mts) Junta Pegar;;;;;76121;21;35;$;;;
101020100200006;TuboAgro YJLIV Celeste Ř200 x 6 (mm / mts) Junta Pegar;;;;;114182;21;35;$;;;
101020100250006;TuboAgro YJLIV Celeste Ř250 x 6 (mm / mts) Junta Pegar;;;;;200828;21;35;$;;;
101020200040004;TuboAgro YJSTD Celeste Ř40 x 6 (mm / mts) Junta Pegar;;;;;8274;21;35;$;;;
101020200050004;TuboAgro YJSTD Celeste Ř50 x 6 (mm / mts) Junta Pegar;;;;;12577;21;35;$;;;
101020200063004;TuboAgro YJSTD Celeste Ř63 x 6 (mm / mts) Junta Pegar;;;;;20520;21;35;$;;;
101020200075004;TuboAgro YJSTD Celeste Ř75 x 6 (mm / mts) Junta Pegar;;;;;25153;21;35;$;;;
101020200090004;TuboAgro YJSTD Celeste Ř90 x 6 (mm / mts) Junta Pegar;;;;;37068;21;35;$;;;
101020200110004;TuboAgro YJSTD Celeste Ř110 x 6 (mm / mts) Junta Pegar;;;;;56264;21;35;$;;;
101020200125004;TuboAgro YJSTD Celeste Ř125 x 6 (mm / mts) Junta Pegar;;;;;82741;21;35;$;;;
101020200140004;TuboAgro YJSTD Celeste Ř140 x 6 (mm / mts) Junta Pegar;;;;;96641;21;35;$;;;
101020200160004;TuboAgro YJSTD Celeste Ř160 x 6 (mm / mts) Junta Pegar;;;;;122456;21;35;$;;;
101020200200004;TuboAgro YJSTD Celeste Ř200 x 6 (mm / mts) Junta Pegar;;;;;190634;21;35;$;;;
101020200250004;TuboAgro YJSTD Celeste Ř250 x 6 (mm / mts) Junta Pegar;;;;;304486;21;35;$;;;
101020300040006;TuboAgro YJREF Celeste Ř40 x 6 (mm / mts) Junta Pegar;;;;;12908;21;35;$;;;
101020300050006;TuboAgro YJREF Celeste Ř50 x 6 (mm / mts) Junta Pegar;;;;;18534;21;35;$;;;
101020300063006;TuboAgro YJREF Celeste Ř63 x 6 (mm / mts) Junta Pegar;;;;;30449;21;35;$;;;
101020300075006;TuboAgro YJREF Celeste Ř75 x 6 (mm / mts) Junta Pegar;;;;;39716;21;35;$;;;
101020300090006;TuboAgro YJREF Celeste Ř90 x 6 (mm / mts) Junta Pegar;;;;;59573;21;35;$;;;
101020300110006;TuboAgro YJREF Celeste Ř110 x 6 (mm / mts) Junta Pegar;;;;;82741;21;35;$;;;
101020300125006;TuboAgro YJREF Celeste Ř125 x 6 (mm / mts) Junta Pegar;;;;;121331;21;35;$;;;
101020300140006;TuboAgro YJREF Celeste Ř140 x 6 (mm / mts) Junta Pegar;;;;;152110;21;35;$;;;
101020300160006;TuboAgro YJREF Celeste Ř160 x 6 (mm / mts) Junta Pegar;;;;;198578;21;35;$;;;
101020300200006;TuboAgro YJREF Celeste Ř200 x 6 (mm / mts) Junta Pegar;;;;;311767;21;35;$;;;
101020300250006;TuboAgro YJREF Celeste Ř250 x 6 (mm / mts) Junta Pegar;;;;;484661;21;35;$;;;
101020110040003;TUBORIEGO L4 Ř 40 x 3 J.P.;;;;;3641;21;35;$;;;
101020110040006;TUBORIEGO L4 Ř 40 x 6 J.P.;;;;;7281;21;35;$;;;
101020110050003;TUBORIEGO L4 Ř 50 x 3 J.P.;;;;;4964;21;35;$;;;
101020110050006;TUBORIEGO L4 Ř 50 x 6 J.P.;;;;;9929;21;35;$;;;
101020110063003;TUBORIEGO L4 Ř 63 x 3 J.P.;;;;;6950;21;35;$;;;
101020110063006;TUBORIEGO L4 Ř 63 x 6 J.P.;;;;;13900;21;35;$;;;
101020110075003;TUBORIEGO L4 Ř 75 x 3 J.P.;;;;;9763;21;35;$;;;
101020110075006;TUBORIEGO L4 Ř 75 x 6 J.P.;;;;;19527;21;35;$;;;
101020110090003;TUBORIEGO L4 Ř 90 x 3 J.P.;;;;;12908;21;35;$;;;
101020110090006;TUBORIEGO L4 Ř 90 x 6 J.P.;;;;;25815;21;35;$;;;
101020110110003;TUBORIEGO L4 Ř 110 x 3 J.P.;;;;;17210;21;35;$;;;
101020110110006;TUBORIEGO L4 Ř 110 x 6 J.P.;;;;;34420;21;35;$;;;
101020110125003;TUBORIEGO L4 Ř 125 x 3 J.P.;;;;;28330;21;35;$;;;
101020110125006;TUBORIEGO L4 Ř 125 x 6 J.P.;;;;;56661;21;35;$;;;
101020110140003;TUBORIEGO L4 Ř 140 x 3 J.P.;;;;;35943;21;35;$;;;
101020110140006;TUBORIEGO L4 Ř 140 x 6 J.P.;;;;;71885;21;35;$;;;
101020110160003;TUBORIEGO L4 Ř 160 x 3 J.P.;;;;;38061;21;35;$;;;
101020110160006;TUBORIEGO L4 Ř 160 x 6 J.P.;;;;;76121;21;35;$;;;
101020110200003;TUBORIEGO L4 Ř 200 x 3 J.P.;;;;;57091;21;35;$;;;
101020110200006;TUBORIEGO L4 Ř 200 x 6 J.P.;;;;;114182;21;35;$;;;
101020110250003;TUBORIEGO L4 Ř 250 x 3 J.P.;;;;;100414;21;35;$;;;
101020110250006;TUBORIEGO L4 Ř 250 x 6 J.P.;;;;;200828;21;35;$;;;
101020210040003;TUBORIEGO S6 Ř 40 x 3 J.P.;;;;;4137;21;35;$;;;
101020210040006;TUBORIEGO S6 Ř 40 x 6 J.P.;;;;;8274;21;35;$;;;
101020210050003;TUBORIEGO S6 Ř 50 x 3 J.P.;;;;;6288;21;35;$;;;
101020210050006;TUBORIEGO S6 Ř 50 x 6 J.P.;;;;;12577;21;35;$;;;
101020210063003;TUBORIEGO S6 Ř 63 x 3 J.P.;;;;;10260;21;35;$;;;
101020210063006;TUBORIEGO S6 Ř 63 x 6 J.P.;;;;;20520;21;35;$;;;
101020210075003;TUBORIEGO S6 Ř 75 x 3 J.P.;;;;;12577;21;35;$;;;
101020210075006;TUBORIEGO S6 Ř 75 x 6 J.P.;;;;;25153;21;35;$;;;
101020210090003;TUBORIEGO S6 Ř 90 x 3 J.P.;;;;;18534;21;35;$;;;
101020210090006;TUBORIEGO S6 Ř 90 x 6 J.P.;;;;;37068;21;35;$;;;
101020210110003;TUBORIEGO S6 Ř 110 x 3 J.P.;;;;;28132;21;35;$;;;
101020210110006;TUBORIEGO S6 Ř 110 x 6 J.P.;;;;;56264;21;35;$;;;
101020210125003;TUBORIEGO S6 Ř 125 x 3 J.P.;;;;;41370;21;35;$;;;
101020210125006;TUBORIEGO S6 Ř 125 x 6 J.P.;;;;;82741;21;35;$;;;
101020210140003;TUBORIEGO S6 Ř 140 x 3 J.P.;;;;;48321;21;35;$;;;
101020210140006;TUBORIEGO S6 Ř 140 x 6 J.P.;;;;;96641;21;35;$;;;
101020210160003;TUBORIEGO S6 Ř 160 x 3 J.P.;;;;;61228;21;35;$;;;
101020210160006;TUBORIEGO S6 Ř 160 x 6 J.P.;;;;;122456;21;35;$;;;
101020210200003;TUBORIEGO S6 Ř 200 x 3 J.P.;;;;;95317;21;35;$;;;
101020210200006;TUBORIEGO S6 Ř 200 x 6 J.P.;;;;;190634;21;35;$;;;
101020210250003;TUBORIEGO S6 Ř 250 x 3 J.P.;;;;;152243;21;35;$;;;
101020210250006;TUBORIEGO S6 Ř 250 x 6 J.P.;;;;;304486;21;35;$;;;
101020310020003;TUBORIEGO R10 Ř20 x 3  J.P. ;;;;;2159;21;35;$;;;
101020310020006;TUBORIEGO R10 Ř20 x 6  J.P. ;;;;;4318;21;35;$;;;
101020310025003;TUBORIEGO R10 Ř25 x 3  J.P. ;;;;;3261;21;35;$;;;
101020310025006;TUBORIEGO R10 Ř25 x 6  J.P. ;;;;;6523;21;35;$;;;
101020310032003;TUBORIEGO R10 Ř32 x 3  J.P. ;;;;;5512;21;35;$;;;
101020310032006;TUBORIEGO R10 Ř32 x 6  J.P. ;;;;;11025;21;35;$;;;
101020310040003;TUBORIEGO R10 Ř40 x 3  J.P. ;;;;;6454;21;35;$;;;
101020310040006;TUBORIEGO R10 Ř40 x 6  J.P. ;;;;;12908;21;35;$;;;
101020310050003;TUBORIEGO R10 Ř50 x 3  J.P. ;;;;;9267;21;35;$;;;
101020310050006;TUBORIEGO R10 Ř50 x 6  J.P. ;;;;;18534;21;35;$;;;
101020310063003;TUBORIEGO R10 Ř 63 x 3  J.P. ;;;;;15224;21;35;$;;;
101020310063006;TUBORIEGO R10 Ř 63 x 6  J.P. ;;;;;30449;21;35;$;;;
101020310075003;TUBORIEGO R10 Ř 75 x 3  J.P. ;;;;;19858;21;35;$;;;
101020310075006;TUBORIEGO R10 Ř 75 x 6  J.P. ;;;;;39716;21;35;$;;;
101020310090003;TUBORIEGO R10 Ř 90 x 3 J.P. ;;;;;29787;21;35;$;;;
101020310090006;TUBORIEGO R10 Ř 90 x 6  J.P. ;;;;;59573;21;35;$;;;
101020310110003;TUBORIEGO R10 Ř 110 x 3  J.P. ;;;;;41370;21;35;$;;;
101020310110006;TUBORIEGO R10 Ř 110 x 6  J.P. ;;;;;82741;21;35;$;;;
101020310125003;TUBORIEGO R10 Ř 125 x 3  J.P. ;;;;;60665;21;35;$;;;
101020310125006;TUBORIEGO R10 Ř 125 x 6  J.P. ;;;;;121331;21;35;$;;;
101020310140003;TUBORIEGO R10 Ř 140 x 3  J.P. ;;;;;76055;21;35;$;;;
101020310140006;TUBORIEGO R10 Ř 140 x 6  J.P. ;;;;;152110;21;35;$;;;
101020310160003;TUBORIEGO R10 Ř 160 x 3  J.P. ;;;;;99289;21;35;$;;;
101020310160006;TUBORIEGO R10 Ř 160 x 6  J.P. ;;;;;198578;21;35;$;;;
101020310200003;TUBORIEGO R10 Ř 200 x 3  J.P. ;;;;;155883;21;35;$;;;
101020310200006;TUBORIEGO R10 Ř 200 x 6  J.P. ;;;;;311767;21;35;$;;;
101020310250003;TUBORIEGO R10 Ř 250 x 3  J.P. ;;;;;242331;21;35;$;;;
101020310250006;TUBORIEGO R10 Ř 250 x 6  J.P. ;;;;;484661;21;35;$;;;
101020110110016;TUBORIEGO L4 Ř 110 x 6 J.E.I.;;;;;43181;21;35;$;;;
101020110140016;TUBORIEGO L4 Ř 140 x 6 J.E.I.;;;;;73617;21;35;$;;;
101020110160016;TUBORIEGO L4 Ř 160 x 6 J.E.I.;;;;;90835;21;35;$;;;
101020110200016;TUBORIEGO L4 Ř 200 x 6 J.E.I.;;;;;138219;21;35;$;;;
101020110250016;TUBORIEGO L4 Ř 250 x 6 J.E.I.;;;;;211836;21;35;$;;;
101020110315016;TUBORIEGO L4 Ř 315 x 6 J.E.I.;;;;;332159;21;35;$;;;
101020110400016;TUBORIEGO L4 Ř 400 x 6 J.E.I.;;;;;555858;21;35;$;;;
101020110500016;TUBORIEGO L4 Ř 500 x 6 J.E.I.;;;;;881238;21;35;$;;;
101020110630016;TUBORIEGO L4 Ř 630 x 6 J.E.I.;;;;;1396423;21;35;$;;;
101020110110026;TUBORIEGO S6 Ř 110 x 6 J.E.I.;;;;;61415;21;35;$;;;
101020110140026;TUBORIEGO S6 Ř 140 x 6 J.E.I.;;;;;100936;21;35;$;;;
101020110160026;TUBORIEGO S6 Ř 160 x 6 J.E.I.;;;;;125407;21;35;$;;;
101020110200026;TUBORIEGO S6 Ř 200 x 6 J.E.I.;;;;;202481;21;35;$;;;
101020110250026;TUBORIEGO S6 Ř 250 x 6 J.E.I.;;;;;329583;21;35;$;;;
101020110315026;TUBORIEGO S6 Ř 315 x 6 J.E.I.;;;;;517829;21;35;$;;;
101020110400026;TUBORIEGO S6 Ř 400 x 6 J.E.I.;;;;;833786;21;35;$;;;
101020110500026;TUBORIEGO S6 Ř 500 x 6 J.E.I.;;;;;1287963;21;35;$;;;
101020110630026;TUBORIEGO S6 Ř 630 x 6 J.E.I.;;;;;1962990;21;35;$;;;
101020110110036;TUBORIEGO R10 Ř 110 x 6 J.E.I.;;;;;97750;21;35;$;;;
101020110140036;TUBORIEGO R10 Ř 140 x 6 J.E.I.;;;;;159301;21;35;$;;;
101020110160036;TUBORIEGO R10 Ř 160 x 6 J.E.I.;;;;;205938;21;35;$;;;
101020110200036;TUBORIEGO R10 Ř 200 x 6 J.E.I.;;;;;350461;21;35;$;;;
101020110250036;TUBORIEGO R10 Ř 250 x 6 J.E.I.;;;;;522438;21;35;$;;;
101020110315036;TUBORIEGO R10 Ř 315 x 6 J.E.I.;;;;;868968;21;35;$;;;
101020110400036;TUBORIEGO R10 Ř 400 x 6 J.E.I.;;;;;1260848;21;35;$;;;
101020110500036;TUBORIEGO R10 Ř 500 x 6 J.E.I.;;;;;1946993;21;35;$;;;
101020110630036;TUBORIEGO R10 Ř 630 x 6 J.E.I.;;;;;3105006;21;35;$;;;
101020110110316;TUBORIEGO PVC-O R10 Ř 110 x 3,0 x 6 J.E.I.;;;;;46290;21;35;$;;;
101020110160316;TUBORIEGO PVC-O R10 Ř 160 x 3,2 x 6 J.E.I.;;;;;82991;21;35;$;;;
101020110200316;TUBORIEGO PVC-O R10 Ř 200 x 3,8 x 6 J.E.I.;;;;;130790;21;35;$;;;
101020110250316;TUBORIEGO PVC-O R10 Ř 250 x 4,5 x 6 J.E.I.;;;;;183582;21;35;$;;;
101020110315316;TUBORIEGO PVC-O R10 Ř 315 x 5,5 x 6 J.E.I.;;;;;288721;21;35;$;;;
101020110400316;TUBORIEGO PVC-O R10 Ř 400 x 6,5 x 6 J.E.I.;;;;;467634;21;35;$;;;
101040100110002;Tubo PVC KBC Ř110 x 3,2 x 2 (mm / mm / mts) Junta Elástica Cloacal SN2;;;;;26262;21;35;$;;;
101040100110004;Tubo PVC KBC Ř110 x 3,2 x 4 (mm / mm / mts) Junta Elástica Cloacal SN2;;;;;52523;21;35;$;;;
101040100110006;Tubo PVC KBC Ř110 x 3,2 x 6 (mm / mm / mts) Junta Elástica Cloacal SN2;;;;;76656;21;35;$;;;
101040100160006;Tubo PVC KBC Ř160 x 3,2 x 6 (mm / mm / mts) Junta Elástica Cloacal SN2;;;;;112854;21;35;$;;;
101040100200006;Tubo PVC KBC Ř200 x 4,0 x 6 (mm / mm / mts) Junta Elástica Cloacal SN2;;;;;176024;21;35;$;;;
101040100250006;Tubo PVC KBC Ř250 x 4,9 x 6 (mm / mm / mts) Junta Elástica Cloacal SN2;;;;;269005;21;35;$;;;
101040100315006;Tubo PVC KBC Ř315 x 6,2 x 6 (mm / mm / mts) Junta Elástica Cloacal SN2;;;;;425865;21;35;$;;;
101040100355006;Tubo PVC KBC Ř355 x 7,0 x 6 (mm / mm / mts) Junta Elástica Cloacal SN2;;;;;541558;21;35;$;;;
101040100400006;Tubo PVC KBC Ř400 x 7,9 x 6 (mm / mm / mts) Junta Elástica Cloacal SN2;;;;;688482;21;35;$;;;
101040100450006;Tubo PVC KBC Ř450 x 8,8 x 6 (mm / mm / mts) Junta Elástica Cloacal SN2;;;;;846052;21;35;$;;;
101040100500006;Tubo PVC KBC Ř500 x 9,8 x 6 (mm / mm / mts) Junta Elástica Cloacal SN2;;;;;1065372;21;35;$;;;
101040100630006;Tubo PVC KBC Ř630 x 12,4 x 6 (mm / mm / mts) Junta Elástica Cloacal SN2;;;;;1690684;21;35;$;;;
101040100110002;Tubo PVC KBC06 Ř110 x 3,2 x 2 (mm / mm / mts) Junta Elástica Cloacal SN8;;;;;26262;21;35;$;;;
101040100110004;Tubo PVC KBC06 Ř110 x 3,2 x 4 (mm / mm / mts) Junta Elástica Cloacal SN8;;;;;52523;21;35;$;;;
101040100110006;Tubo PVC KBC06 Ř110 x 3,2 x 6 (mm / mm / mts) Junta Elástica Cloacal SN8;;;;;76656;21;35;$;;;
101040101160006;Tubo PVC KBC06 Ř160 x 4,7 x 6 (mm / mm / mts) Junta Elástica Cloacal SN8;;;;;161119;21;35;$;;;
101040100630007;Tubo PVC KBC06 Ř200 x 5,9 x 6 (mm / mm / mts) Junta Elástica Cloacal SN8;;;;;251970;21;35;$;;;
101040106225006;Tubo PVC KBC06 Ř225 x 6,6 x 6 (mm / mm / mts) Junta Elástica Cloacal SN8;;;;;308752;21;35;$;;;
101040101250006;Tubo PVC KBC06 Ř250 x 7,3 x 6 (mm / mm / mts) Junta Elástica Cloacal SN8;;;;;390376;21;35;$;;;
101040101315006;Tubo PVC KBC06 Ř315 x 9,2 x 6 (mm / mm / mts) Junta Elástica Cloacal SN8;;;;;615375;21;35;$;;;
101040106355006;Tubo PVC KBC06 Ř355 x 10,4 x 6 (mm / mm / mts) Junta Elástica Cloacal SN8;;;;;782172;21;35;$;;;
101040106400116;Tubo PVC KBC06 Ř400 x 11,7 x 6 (mm / mm / mts) Junta Elástica Cloacal SN8;;;;;994395;21;35;$;;;
101040106400136;Tubo PVC KBC06 Ř450 x 13,1 x 6 (mm / mm / mts) Junta Elástica Cloacal SN8;;;;;1218684;21;35;$;;;
101040101500006;Tubo PVC KBC06 Ř500 x 14,6 x 6 (mm / mm / mts) Junta Elástica Cloacal SN8;;;;;1550858;21;35;$;;;
101040106630006;Tubo PVC KBC06 Ř630 x 18,4 x 6 (mm / mm / mts) Junta Elástica Cloacal SN8;;;;;2484213;21;35;$;;;
101040101110106;Tubo PVC KBC10 Ř110 x 5,3 x 6 (mm / mm / mts) Junta Elástica Cloacal SN32;;;;;117823;21;35;$;;;
101040101160106;Tubo PVC KBC10 Ř160 x 7,7 x 6 (mm / mm / mts) Junta Elástica Cloacal SN32;;;;;247002;21;35;$;;;
101040100200966;Tubo PVC KBC10 Ř200 x 9,6 x 6 (mm / mm / mts) Junta Elástica Cloacal SN32;;;;;382569;21;35;$;;;
101040101225006;Tubo PVC KBC10 Ř225 x 10,8 x 6 (mm / mm / mts) Junta Elástica Cloacal SN32;;;;;489035;21;35;$;;;
101040101250106;Tubo PVC KBC10 Ř250 x 11,9 x 6 (mm / mm / mts) Junta Elástica Cloacal SN32;;;;;592875;21;35;$;;;
101040101315106;Tubo PVC KBC10 Ř315 x 15,0 x 6 (mm / mm / mts) Junta Elástica Cloacal SN32;;;;;937613;21;35;$;;;
101040101355006;Tubo PVC KBC10 Ř355 x 16,9 x 6 (mm / mm / mts) Junta Elástica Cloacal SN32;;;;;1197390;21;35;$;;;
101040101400006;Tubo PVC KBC10 Ř400 x 19,1 x 6 (mm / mm / mts) Junta Elástica Cloacal SN32;;;;;1523177;21;35;$;;;
101040106450216;Tubo PVC KBC10 Ř450 x 21,5 x 6 (mm / mm / mts) Junta Elástica Cloacal SN32;;;;;1863869;21;35;$;;;
101040106500006;Tubo PVC KBC10 Ř500 x 23,8 x 6 (mm / mm / mts) Junta Elástica Cloacal SN32;;;;;2362841;21;35;$;;;
101040100630306;Tubo PVC KBC10 Ř630 x 30,3 x 6 (mm / mm / mts) Junta Elástica Cloacal SN32;;;;;4427337;21;35;$;;;
101220715110045;Curva a 45° Ř110 J/E Cloacal Inyectada Corta;;;;;13273;21;35;$;;;
101220715110145;Curva a 45° Ř110 J/E Cloacal Inyectada Larga;;;;;17936;21;35;$;;;
101220708110001;Cupla Deslizante Ř110 J/E Cloacal Inyectada;;;;;7174;21;35;$;;;
101200512100001;Tapa Ř110 J/P Cloacal Inyectada;;;;;2152;21;35;$;;;
101220715110001;Ramal a 45° Ř110x110 MHH J/E Cloacal Inyectado;;;;;20447;21;35;$;;;
101220715160110;Ramal a 45° Ř160x110 HHH J/E Cloacal Inyectado;;;;;31747;21;35;$;;;
101220715200110;Ramal a 45° Ř200x110 HHH J/E Cloacal Inyectado;;;;;43046;21;35;$;;;
101050104050006;Tubo PVC KB04 Ř50 x 1,1 x 6 (mm / mm / mts) Junta Elástica Clase 4;;;;;0;21;35;$;;;
101050104063006;Tubo PVC KB04 Ř63 x 1,3 x 6 (mm / mm / mts) Junta Elástica Clase 4;;;;;17319;21;35;$;;;
101050104075006;Tubo PVC KB04 Ř75 x 1,6 x 6 (mm / mm / mts) Junta Elástica Clase 4;;;;;25197;21;35;$;;;
101050104090006;Tubo PVC KB04 Ř90 x 1,8 x 6 (mm / mm / mts) Junta Elástica Clase 4;;;;;41593;21;35;$;;;
101050104110006;Tubo PVC KB04 Ř110 x 2,2 x 6 (mm / mm / mts) Junta Elástica Clase 4;;;;;51033;21;35;$;;;
101050104125006;Tubo PVC KB04 Ř125 x 2,7 x 6 (mm / mm / mts) Junta Elástica Clase 4;;;;;70339;21;35;$;;;
101050104140006;Tubo PVC KB04 Ř140 x 2,8 x 6 (mm / mm / mts) Junta Elástica Clase 4;;;;;84605;21;35;$;;;
101050104160006;Tubo PVC KB04 Ř160 x 3,2 x 6 (mm / mm / mts) Junta Elástica Clase 4;;;;;112854;21;35;$;;;
101050104200006;Tubo PVC KB04 Ř200 x 4,0 x 6 (mm / mm / mts) Junta Elástica Clase 4;;;;;176024;21;35;$;;;
101050104225006;Tubo PVC KB04 Ř225 x 4,7 x 6 (mm / mm / mts) Junta Elástica Clase 4;;;;;233232;21;35;$;;;
101050104250006;Tubo PVC KB04 Ř250 x 4,9 x 6 (mm / mm / mts) Junta Elástica Clase 4;;;;;269005;21;35;$;;;
101050104315006;Tubo PVC KB04 Ř315 x 6,2 x 6 (mm / mm / mts) Junta Elástica Clase 4;;;;;425865;21;35;$;;;
101050104355006;Tubo PVC KB04 Ř355 x 7,0 x 6 (mm / mm / mts) Junta Elástica Clase 4;;;;;541558;21;35;$;;;
101050104400006;Tubo PVC KB04 Ř400 x 7,9 x 6 (mm / mm / mts) Junta Elástica Clase 4;;;;;688482;21;35;$;;;
101050104450006;Tubo PVC KB04 Ř450 x 8,8 x 6 (mm / mm / mts) Junta Elástica Clase 4;;;;;846052;21;35;$;;;
101050104500006;Tubo PVC KB04 Ř500 x 9,8 x 6 (mm / mm / mts) Junta Elástica Clase 4;;;;;1065372;21;35;$;;;
101050104630006;Tubo PVC KB04 Ř630 x 9,8 x 6 (mm / mm / mts) Junta Elástica Clase 4;;;;;1690684;21;35;$;;;
101050206050006;Tubo PVC KB06 Ř50 x 1,7 x 6 (mm / mm / mts) Junta Elástica Clase 6;;;;;19164;21;35;$;;;
101050206063006;Tubo PVC KB06 Ř63 x 1,9 x 6 (mm / mm / mts) Junta Elástica Clase 6;;;;;25552;21;35;$;;;
101050206075006;Tubo PVC KB06 Ř75 x 2,2 x 6 (mm / mm / mts) Junta Elástica Clase 6;;;;;35489;21;35;$;;;
101050206090006;Tubo PVC KB06 Ř90 x 2,7 x 6 (mm / mm / mts) Junta Elástica Clase 6;;;;;51459;21;35;$;;;
101050206110006;Tubo PVC KB06 Ř110 x 3,2 x 6 (mm / mm / mts) Junta Elástica Clase 6;;;;;73817;21;35;$;;;
101050206125006;Tubo PVC KB06 Ř125 x 3,7x 6 (mm / mm / mts) Junta Elástica Clase 6;;;;;99369;21;35;$;;;
101050206140006;Tubo PVC KB06 Ř140 x 4,1 x 6 (mm / mm / mts) Junta Elástica Clase 6;;;;;120662;21;35;$;;;
101050206160006;Tubo PVC KB06 Ř160 x 4,7 x 6 (mm / mm / mts) Junta Elástica Clase 6;;;;;156151;21;35;$;;;
101050206200006;Tubo PVC KB06 Ř200 x 5,9 x 6 (mm / mm / mts) Junta Elástica Clase 6;;;;;244163;21;35;$;;;
101050206225006;Tubo PVC KB06 Ř225 x 6,6 x 6 (mm / mm / mts) Junta Elástica Clase 6;;;;;308752;21;35;$;;;
101050206250006;Tubo PVC KB06 Ř250 x 7,3 x 6 (mm / mm / mts) Junta Elástica Clase 6;;;;;376181;21;35;$;;;
101050206315006;Tubo PVC KB06 Ř315 x 9,2 x 6 (mm / mm / mts) Junta Elástica Clase 6;;;;;595501;21;35;$;;;
101050206355006;Tubo PVC KB06 Ř355 x 10,4 x 6 (mm / mm / mts) Junta Elástica Clase 6;;;;;759459;21;35;$;;;
101050206400006;Tubo PVC KB06 Ř400 x 11,7 x 6 (mm / mm / mts) Junta Elástica Clase 6;;;;;965294;21;35;$;;;
101050206450006;Tubo PVC KB06 Ř450 x 13,1 x 6 (mm / mm / mts) Junta Elástica Clase 6;;;;;1218684;21;35;$;;;
101050206500006;Tubo PVC KB06 Ř500 x 14,6 x 6 (mm / mm / mts) Junta Elástica Clase 6;;;;;1497625;21;35;$;;;
101050206630006;Tubo PVC KB06 Ř630 x 18,4 x 6 (mm / mm / mts) Junta Elástica Clase 6;;;;;2383779;21;35;$;;;
101052008050006;Tubo PVC KB08 Ř50 x 2,0 x 6 (mm / mm / mts) Junta Elástica Clase 8;;;;;20229;21;35;$;;;
101052008063006;Tubo PVC KB08 Ř63 x 2,5 x 6 (mm / mm / mts) Junta Elástica Clase 8;;;;;31869;21;35;$;;;
101052008075006;Tubo PVC KB08 Ř75 x 2,9 x 6 (mm / mm / mts) Junta Elástica Clase 8;;;;;44006;21;35;$;;;
101052008090006;Tubo PVC KB08 Ř90 x 3,5 x 6 (mm / mm / mts) Junta Elástica Clase 8;;;;;63738;21;35;$;;;
101052008110006;Tubo PVC KB08 Ř110 x 4,3 x 6 (mm / mm / mts) Junta Elástica Clase 8;;;;;95749;21;35;$;;;
101052008125006;Tubo PVC KB08 Ř125 x 4,8 x 6 (mm / mm / mts) Junta Elástica Clase 8;;;;;121513;21;35;$;;;
101052008140006;Tubo PVC KB08 Ř140 x 5,4 x 6 (mm / mm / mts) Junta Elástica Clase 8;;;;;153098;21;35;$;;;
101052008160006;Tubo PVC KB08 Ř160 x 6,2 x 6 (mm / mm / mts) Junta Elástica Clase 8;;;;;200866;21;35;$;;;
101052008200006;Tubo PVC KB08 Ř200 x 7,7 x 6 (mm / mm / mts) Junta Elástica Clase 8;;;;;311946;21;35;$;;;
101052008225006;Tubo PVC KB08 Ř225 x 8,7 x 6 (mm / mm / mts) Junta Elástica Clase 8;;;;;396480;21;35;$;;;
101052008250006;Tubo PVC KB08 Ř250 x 9,7 x 6 (mm / mm / mts) Junta Elástica Clase 8;;;;;491164;21;35;$;;;
101052008315006;Tubo PVC KB08 Ř315 x 12,2 x 6 (mm / mm / mts) Junta Elástica Clase 8;;;;;778410;21;35;$;;;
101052008355006;Tubo PVC KB08 Ř355 x 13,7 x 6 (mm / mm / mts) Junta Elástica Clase 8;;;;;985239;21;35;$;;;
101052008400006;Tubo PVC KB08 Ř400 x 15,4 x 6 (mm / mm / mts) Junta Elástica Clase 8;;;;;1247997;21;35;$;;;
101052008450006;Tubo PVC KB08 Ř450 x 17,3 x 6 (mm / mm / mts) Junta Elástica Clase 8;;;;;1577333;21;35;$;;;
101052008500006;Tubo PVC KB08 Ř500 x 19,3 x 6 (mm / mm / mts) Junta Elástica Clase 8;;;;;1954933;21;35;$;;;
101052008630006;Tubo PVC KB08 Ř630 x 24,1 x 6 (mm / mm / mts) Junta Elástica Clase 8;;;;;3076946;21;35;$;;;
101050310050006;Tubo PVC KB10 Ř50 x 2,4 x 6 (mm / mm / mts) Junta Elástica Clase 10;;;;;25552;21;35;$;;;
101050310063006;Tubo PVC KB10 Ř63 x 3,0 x 6 (mm / mm / mts) Junta Elástica Clase 10;;;;;38683;21;35;$;;;
101050310075006;Tubo PVC KB10 Ř75 x 3,6 x 6 (mm / mm / mts) Junta Elástica Clase 10;;;;;55362;21;35;$;;;
101050310090006;Tubo PVC KB10 Ř90 x 4,3 x 6 (mm / mm / mts) Junta Elástica Clase 10;;;;;78785;21;35;$;;;
101050310110006;Tubo PVC KB10 Ř110 x 5,3 x 6 (mm / mm / mts) Junta Elástica Clase 10;;;;;117823;21;35;$;;;
101050310125006;Tubo PVC KB10 Ř125 x 6,0x 6 (mm / mm / mts) Junta Elástica Clase 10;;;;;152602;21;35;$;;;
101050310140006;Tubo PVC KB10 Ř140 x 6,7 x 6 (mm / mm / mts) Junta Elástica Clase 10;;;;;189865;21;35;$;;;
101050310160006;Tubo PVC KB10 Ř160 x 7,7 x 6 (mm / mm / mts) Junta Elástica Clase 10;;;;;247002;21;35;$;;;
101050310200006;Tubo PVC KB10 Ř200 x 9,6 x 6 (mm / mm / mts) Junta Elástica Clase 10;;;;;382569;21;35;$;;;
101050310225006;Tubo PVC KB10 Ř225 x 10,8 x 6 (mm / mm / mts) Junta Elástica Clase 10;;;;;489035;21;35;$;;;
101050310250006;Tubo PVC KB10 Ř250 x 11,9 x 6 (mm / mm / mts) Junta Elástica Clase 10;;;;;592875;21;35;$;;;
101050310315006;Tubo PVC KB10 Ř315 x 15,0 x 6 (mm / mm / mts) Junta Elástica Clase 10;;;;;937613;21;35;$;;;
101050310355006;Tubo PVC KB10 Ř355 x 16,9 x 6 (mm / mm / mts) Junta Elástica Clase 10;;;;;1197390;21;35;$;;;
101050310400006;Tubo PVC KB10 Ř400 x 19,1 x 6 (mm / mm / mts) Junta Elástica Clase 10;;;;;1523177;21;35;$;;;
101050310450006;Tubo PVC KB10 Ř450 x 21,5 x 6 (mm / mm / mts) Junta Elástica Clase 10;;;;;1863869;21;35;$;;;
101050310500006;Tubo PVC KB10 Ř500 x 23,8 x 6 (mm / mm / mts) Junta Elástica Clase 10;;;;;2362841;21;35;$;;;
101050310630006;Tubo PVC KB10 Ř630 x 30,0 x 6 (mm / mm / mts) Junta Elástica Clase 10;;;;;4427337;21;35;$;;;
101141601100006;Tubo PVC-O Ř110 x 2,4 x 6 (mm / mm / mts) Junta Elástica Clase 16;;;;;108170;21;35;$;;;
101141601600006;Tubo PVC-O Ř160 x 3,5 x 6 (mm / mm / mts) Junta Elástica Clase 16;;;;;195982;21;35;$;;;
101141602000006;Tubo PVC-O Ř200 x 4,4 x 6 (mm / mm / mts) Junta Elástica Clase 16;;;;;306278;21;35;$;;;
101141602500006;Tubo PVC-O Ř250 x 5,5 x 6 (mm / mm / mts) Junta Elástica Clase 16;;;;;480282;21;35;$;;;
101141603150006;Tubo PVC-O Ř315 x 6,9 x 6 (mm / mm / mts) Junta Elástica Clase 16;;;;;754555;21;35;$;;;
101141604000006;Tubo PVC-O Ř400 x 8,8 x 6 (mm / mm / mts) Junta Elástica Clase 16;;;;;1219948;21;35;$;;;
0;Tubo PVC-O Ř110 x 2,2 x 5,95 (mm / mm / mts) Junta Elástica Clase 12,5;;;;;107891;21;35;$;;;
0;Tubo PVC-O Ř125 x 2,5 x 5,95 (mm / mm / mts) Junta Elástica Clase 12,5;;;;;135765;21;35;$;;;
0;Tubo PVC-O Ř140 x 2,8 x 5,95 (mm / mm / mts) Junta Elástica Clase 12,5;;;;;170309;21;35;$;;;
0;Tubo PVC-O Ř160 x 3,2 x 5,95 (mm / mm / mts) Junta Elástica Clase 12,5;;;;;222451;21;35;$;;;
0;Tubo PVC-O Ř200 x 4,0 x 5,95 (mm / mm / mts) Junta Elástica Clase 12,5;;;;;347574;21;35;$;;;
0;Tubo PVC-O Ř225 x 4,5 x 5,95 (mm / mm / mts) Junta Elástica Clase 12,5;;;;;439900;21;35;$;;;
0;Tubo PVC-O Ř250 x 5,0 x 5,95 (mm / mm / mts) Junta Elástica Clase 12,5;;;;;543073;21;35;$;;;
0;Tubo PVC-O Ř315 x 6,3 x 5,95 (mm / mm / mts) Junta Elástica Clase 12,5;;;;;862189;21;35;$;;;
0;Tubo PVC-O Ř355 x 7,1 x 5,95 (mm / mm / mts) Junta Elástica Clase 12,5;;;;;1100056;21;35;$;;;
0;Tubo PVC-O Ř400 x 8,0 x 5,95 (mm / mm / mts) Junta Elástica Clase 12,5;;;;;1396965;21;35;$;;;
0;Tubo PVC-O Ř450 x 8,9 x 5,95 (mm / mm / mts) Junta Elástica Clase 12,5;;;;;1768440;21;35;$;;;
0;Tubo PVC-O Ř500 x  9,9 x  5,95 (mm / mm / mts) Junta Elástica Clase 12,5;;;;;2183842;21;35;$;;;
0;Tubo PVC-O Ř630 x 12,6 x 5,95 (mm / mm / mts) Junta Elástica Clase 12,5;;;;;3470042;21;35;$;;;
0;Tubo PVC-O Ř710 x 14,2 x 5,95 (mm / mm / mts) Junta Elástica Clase 12,5;;;;;4408221;21;35;$;;;
0;Tubo PVC-O Ř800 x 16,3 x 5,95 (mm / mm / mts) Junta Elástica Clase 12,5;;;;;5561151;21;35;$;;;
0;Tubo PVC-O Ř900 x 0,00 x 5,95 (mm / mm / mts) Junta Elástica Clase 12,5;;;;;5242889;21;35;$;;;
0;Tubo PVC-O Ř1000 x 0,00 x 5,95 (mm / mm / mts) Junta Elástica Clase 12,5;;;;;6448150;21;35;$;;;
0;Tubo PVC-O Ř1100 x 0,00 x 5,95 (mm / mm / mts) Junta Elástica Clase 12,5;;;;;7713675;21;35;$;;;
0;Tubo PVC-O Ř1200 x 0,00 x 5,95 (mm / mm / mts) Junta Elástica Clase 12,5;;;;;9099726;21;35;$;;;
0;Tubo PVC-O Ř90 x 1,7 x 5,95 (mm / mm / mts) Junta Elástica Clase 16;;;;;89005;21;35;$;;;
0;Tubo PVC-O Ř110 x 2,4 x 5,95 (mm / mm / mts) Junta Elástica Clase 16;;;;;132958;21;35;$;;;
0;Tubo PVC-O Ř125 x 2,8 x 5,95 (mm / mm / mts) Junta Elástica Clase 16;;;;;157321;21;35;$;;;
0;Tubo PVC-O Ř140 x 3,1 x 5,95 (mm / mm / mts) Junta Elástica Clase 16;;;;;188341;21;35;$;;;
0;Tubo PVC-O Ř160 x 3,5 x 5,95 (mm / mm / mts) Junta Elástica Clase 16;;;;;245987;21;35;$;;;
0;Tubo PVC-O Ř200 x 4,4 x 5,95 (mm / mm / mts) Junta Elástica Clase 16;;;;;384355;21;35;$;;;
0;Tubo PVC-O Ř225 x 5,0 x 5,95 (mm / mm / mts) Junta Elástica Clase 16;;;;;486457;21;35;$;;;
0;Tubo PVC-O Ř250 x 5,5 x 5,95 (mm / mm / mts) Junta Elástica Clase 16;;;;;600557;21;35;$;;;
0;Tubo PVC-O Ř315 x 6,9 x 5,95 (mm / mm / mts) Junta Elástica Clase 16;;;;;953458;21;35;$;;;
0;Tubo PVC-O Ř355 x 7,8 x 5,95 (mm / mm / mts) Junta Elástica Clase 16;;;;;1210969;21;35;$;;;
0;Tubo PVC-O Ř400 x 8,8 x 5,95 (mm / mm / mts) Junta Elástica Clase 16;;;;;1537434;21;35;$;;;
0;Tubo PVC-O Ř450 x 9,9 x 5,95 (mm / mm / mts) Junta Elástica Clase 16;;;;;1945827;21;35;$;;;
0;Tubo PVC-O Ř500 x 11,0 x 5,95 (mm / mm / mts) Junta Elástica Clase 16;;;;;2402253;21;35;$;;;
0;Tubo PVC-O Ř630 x 13,8 x 5,95 (mm / mm / mts) Junta Elástica Clase 16;;;;;3813806;21;35;$;;;
0;Tubo PVC-O Ř710 x 15,4 x 5,95 (mm / mm / mts) Junta Elástica Clase 16;;;;;4843891;21;35;$;;;
0;Tubo PVC-O Ř800 x 17,4 x 5,95 (mm / mm / mts) Junta Elástica Clase 16;;;;;6149750;21;35;$;;;
0;Tubo PVC-O Ř90 x 2,5 x 5,95 (mm / mm / mts) Junta Elástica Clase 20;;;;;89615;21;35;$;;;
0;Tubo PVC-O Ř110 x 3,1 x 5,95 (mm / mm / mts) Junta Elástica Clase 20;;;;;133867;21;35;$;;;
0;Tubo PVC-O Ř125 x 3,5 x 5,95 (mm / mm / mts) Junta Elástica Clase 20;;;;;172858;21;35;$;;;
0;Tubo PVC-O Ř140 x 3,9 x 5,95 (mm / mm / mts) Junta Elástica Clase 20;;;;;216839;21;35;$;;;
0;Tubo PVC-O Ř160 x 4,4 x 5,95 (mm / mm / mts) Junta Elástica Clase 20;;;;;283216;21;35;$;;;
0;Tubo PVC-O Ř200 x 5,5 x 5,95 (mm / mm / mts) Junta Elástica Clase 20;;;;;442530;21;35;$;;;
0;Tubo PVC-O Ř225 x 6,2 x 5,95 (mm / mm / mts) Junta Elástica Clase 20;;;;;560074;21;35;$;;;
0;Tubo PVC-O Ř250 x 6,9 x 5,95 (mm / mm / mts) Junta Elástica Clase 20;;;;;691460;21;35;$;;;
0;Tubo PVC-O Ř315 x 8,7 x 5,95 (mm / mm / mts) Junta Elástica Clase 20;;;;;1097751;21;35;$;;;
0;Tubo PVC-O Ř355 x 9,8 x 5,95 (mm / mm / mts) Junta Elástica Clase 20;;;;;1394253;21;35;$;;;
0;Tubo PVC-O Ř400 x 11,0 x 5,95 (mm / mm / mts) Junta Elástica Clase 20;;;;;1770121;21;35;$;;;
0;Tubo PVC-O Ř450 x 12,4 x 5,95 (mm / mm / mts) Junta Elástica Clase 20;;;;;2240309;21;35;$;;;
0;Tubo PVC-O Ř500 x 13,7 x 5,95 (mm / mm / mts) Junta Elástica Clase 20;;;;;2765811;21;35;$;;;
0;Tubo PVC-O Ř630 x 17,3 x 5,95 (mm / mm / mts) Junta Elástica Clase 20;;;;;4391003;21;35;$;;;
0;Tubo PVC-O Ř710 x 19,2 x 5,95 (mm / mm / mts) Junta Elástica Clase 20;;;;;5576986;21;35;$;;;
0;Tubo PVC-O Ř800 x 21,6 x 5,95 (mm / mm / mts) Junta Elástica Clase 20;;;;;7080486;21;35;$;;;
0;Tubo PVC-O Ř90 x 3,1 x 5,95 (mm / mm / mts) Junta Elástica Clase 25;;;;;110209;21;35;$;;;
0;Tubo PVC-O Ř110 x 3,8 x 5,95 (mm / mm / mts) Junta Elástica Clase 25;;;;;162907;21;35;$;;;
0;Tubo PVC-O Ř125 x 4,3 x 5,95 (mm / mm / mts) Junta Elástica Clase 25;;;;;210358;21;35;$;;;
0;Tubo PVC-O Ř140 x 4,8 x 5,95 (mm / mm / mts) Junta Elástica Clase 25;;;;;263883;21;35;$;;;
0;Tubo PVC-O Ř160 x 5,5 x 5,95 (mm / mm / mts) Junta Elástica Clase 25;;;;;344659;21;35;$;;;
0;Tubo PVC-O Ř200 x 6,9 x 5,95 (mm / mm / mts) Junta Elástica Clase 25;;;;;538531;21;35;$;;;
0;Tubo PVC-O Ř225 x 7,7 x 5,95 (mm / mm / mts) Junta Elástica Clase 25;;;;;681576;21;35;$;;;
0;Tubo PVC-O Ř250 x 8,6 x 5,95 (mm / mm / mts) Junta Elástica Clase 25;;;;;841460;21;35;$;;;
0;Tubo PVC-O Ř315 x 10,8 x 5,95 (mm / mm / mts) Junta Elástica Clase 25;;;;;1335902;21;35;$;;;
0;Tubo PVC-O Ř355 x 12,2 x 5,95 (mm / mm / mts) Junta Elástica Clase 25;;;;;1696721;21;35;$;;;
0;Tubo PVC-O Ř400 x 13,7 x 5,95 (mm / mm / mts) Junta Elástica Clase 25;;;;;2154138;21;35;$;;;
0;Tubo PVC-O Ř450 x 15,4 x 5,95 (mm / mm / mts) Junta Elástica Clase 25;;;;;2726318;21;35;$;;;
0;Tubo PVC-O Ř500 x 17,1 x 5,95 (mm / mm / mts) Junta Elástica Clase 25;;;;;3365826;21;35;$;;;
0;Tubo PVC-O Ř630 x 21,6 x 5,95 (mm / mm / mts) Junta Elástica Clase 25;;;;;5343594;21;35;$;;;
0;Tubo PEAD PE100 K4 Ř140 x 3,5 mm x metro (tira x 12mt);;;;;14355;21;35;$;;;
0;Tubo PEAD PE100 K4 Ř160 x 4,0 mm x metro (tira x 12mt);;;;;18757;21;35;$;;;
0;Tubo PEAD PE100 K4 Ř180 x 4,4 mm x metro (tira x 12mt);;;;;23159;21;35;$;;;
0;Tubo PEAD PE100 K4 Ř200 x 4,9 mm x metro (tira x 12mt);;;;;28710;21;35;$;;;
0;Tubo PEAD PE100 K4 Ř225 x 5,5 mm x metro (tira x 12mt);;;;;36175;21;35;$;;;
0;Tubo PEAD PE100 K4 Ř250 x 6,2 mm x metro(tira x 12mt);;;;;45362;21;35;$;;;
0;Tubo PEAD PE100 K4 Ř280 x 6,9 mm x metro (tira x 12mt);;;;;56559;21;35;$;;;
0;Tubo PEAD PE100 K4 Ř315 x 7,7 mm x metro (tira x 12mt);;;;;71009;21;35;$;;;
0;Tubo PEAD PE100 K4 Ř355 x 8,7 mm x metro (tira x 12mt);;;;;90341;21;35;$;;;
0;Tubo PEAD PE100 K4 Ř400 x 9,8 mm x metro (tira x 12mt);;;;;114649;21;35;$;;;
0;Tubo PEAD PE100 K4 Ř450 x 11,0 mm x metro (tira x 12mt);;;;;144794;21;35;$;;;
0;Tubo PEAD PE100 K4 Ř500 x 12,3 mm x metro(tira x 12mt);;;;;179916;21;35;$;;;
0;Tubo PEAD PE100 K4 Ř560 x 13,7 mm x metro (tira x 12mt);;;;;224417;21;35;$;;;
0;Tubo PEAD PE100 K4 Ř630 x 15,4 mm x metro (tira x 12mt);;;;;283846;21;35;$;;;
0;Tubo PEAD PE100 K4 Ř710 x 17,4 mm x metro (tira x 12mt);;;;;361459;21;35;$;;;
0;Tubo PEAD PE100 K4 Ř800 x 19,6 mm x metro (tira x 12mt);;;;;458690;21;35;$;;;
0;Tubo PEAD PE100 K4 Ř900 x 22,0 mm x metro (tira x 12mt);;;;;579272;21;35;$;;;
0;Tubo PEAD PE100 K4 Ř1000 x 24,5 mm x metro (tira x 12mt);;;;;716793;21;35;$;;;
0;Tubo PEAD PE100 K4 Ř1200 x 29,4 mm x metro (tira x 12mt);;;;;1032125;21;35;$;;;
0;Tubo PEAD PE100 K5 Ř63 x 2,0 mm x metro (rollo x 300mt);;;;;3637;21;35;$;;;
0;Tubo PEAD PE100 K5 Ř75 x 2,3 mm x metro (rollo x 200mt);;;;;4976;21;35;$;;;
0;Tubo PEAD PE100 K5 Ř90 x 2,8 mm x metro (tira x 12mt);;;;;7369;21;35;$;;;
0;Tubo PEAD PE100 K5 Ř110 x 3,4 mm x metro (tira x 12mt);;;;;10910;21;35;$;;;
0;Tubo PEAD PE100 K5 Ř125 x 3,9 mm x metro (tira x 12mt);;;;;14164;21;35;$;;;
0;Tubo PEAD PE100 K5 Ř140 x 4,3 mm x metro (tira x 12mt);;;;;17513;21;35;$;;;
0;Tubo PEAD PE100 K5 Ř160 x 4,9 mm x metro (tira x 12mt);;;;;22777;21;35;$;;;
0;Tubo PEAD PE100 K5 Ř180 x 5,5 mm x metro (tira x 12mt);;;;;28806;21;35;$;;;
0;Tubo PEAD PE100 K5 Ř200 x 6,2 mm x metro (tira x 12mt);;;;;36079;21;35;$;;;
0;Tubo PEAD PE100 K5 Ř225 x 6,9 mm x metro (tira x 12mt);;;;;45170;21;35;$;;;
0;Tubo PEAD PE100 K5 Ř250 x 7,7 mm x metro (tira x 12mt);;;;;55985;21;35;$;;;
0;Tubo PEAD PE100 K5 Ř280 x 8,6 mm x metro (tira x 12mt);;;;;69957;21;35;$;;;
0;Tubo PEAD PE100 K5 Ř315 x 9,7 mm x metro (tira x 12mt);;;;;88810;21;35;$;;;
0;Tubo PEAD PE100 K5 Ř355 x 10,9 mm x metro (tira x 12mt);;;;;112448;21;35;$;;;
0;Tubo PEAD PE100 K5 Ř400 x 12,3 mm x metro (tira x 12mt);;;;;142976;21;35;$;;;
0;Tubo PEAD PE100 K5 Ř450 x 13,8 mm x metro (tira x 12mt);;;;;180490;21;35;$;;;
0;Tubo PEAD PE100 K5 Ř500 x 15,3 mm x metro (tira x 12mt);;;;;222407;21;35;$;;;
0;Tubo PEAD PE100 K5 Ř560 x 17,2 mm x metro (tira x 12mt);;;;;280018;21;35;$;;;
0;Tubo PEAD PE100 K5 Ř630 x 19,3 mm x metro (tira x 12mt);;;;;353516;21;35;$;;;
0;Tubo PEAD PE100 K5 Ř710 x 21,8 mm x metro (tira x 12mt);;;;;449886;21;35;$;;;
0;Tubo PEAD PE100 K5 Ř800 x 24,5 mm x metro  (tira x 12mt);;;;;569798;21;35;$;;;
0;Tubo PEAD PE100 K5 Ř900 x 27,6 mm x metro  (tira x 12mt);;;;;722152;21;35;$;;;
0;Tubo PEAD PE100 K5 Ř1000 x 30,6 mm x metro  (tira x 12mt);;;;;889627;21;35;$;;;
0;Tubo PEAD PE100 K5 Ř1200 x 36,7 mm x metro  (tira x 12mt);;;;;1280370;21;35;$;;;
0;Tubo PEAD PE100 K6 Ř50 x 2,0 mm x metro (Rollo x 500mt);;;;;2871;21;35;$;;;
0;Tubo PEAD PE100 K6 Ř63 x 2,5 mm x metro (Rollo x 300mt);;;;;4498;21;35;$;;;
0;Tubo PEAD PE100 K6 Ř75 x 2,9 mm x metro (rollo x 200mt);;;;;6316;21;35;$;;;
0;Tubo PEAD PE100 K6 Ř90 x 3,5 mm x metro (tira x 12mt);;;;;9092;21;35;$;;;
0;Tubo PEAD PE100 K6 Ř110 x 4,2 mm x metro (tira x 12mt);;;;;13302;21;35;$;;;
0;Tubo PEAD PE100 K6 Ř125 x 4,8 mm x metro (tira x 12mt);;;;;17322;21;35;$;;;
0;Tubo PEAD PE100 K6 Ř140 x 5,4 mm x metro (tira x 12mt);;;;;21820;21;35;$;;;
0;Tubo PEAD PE100 K6 Ř160 x 6,2 mm x metro (tira x 12mt);;;;;28614;21;35;$;;;
0;Tubo PEAD PE100 K6 Ř180 x 6,9 mm x metro (tira x 12mt);;;;;35792;21;35;$;;;
0;Tubo PEAD PE100 K6 Ř200 x 7,7 mm x metro (tira x 12mt);;;;;44405;21;35;$;;;
0;Tubo PEAD PE100 K6 Ř225 x 8,6 mm x metro (tira x 12mt);;;;;55793;21;35;$;;;
0;Tubo PEAD PE100 K6 Ř250 x 9,6 mm x metro (tira x 12mt);;;;;69191;21;35;$;;;
0;Tubo PEAD PE100 K6 Ř280 x 10,7 mm x metro (tira x 12mt);;;;;86417;21;35;$;;;
0;Tubo PEAD PE100 K6 Ř315 x 12,1 mm x metro (tira x 12mt);;;;;109959;21;35;$;;;
0;Tubo PEAD PE100 K6 Ř355 x 13,6 mm x metro (tira x 12mt);;;;;139244;21;35;$;;;
0;Tubo PEAD PE100 K6 Ř400 x 15,3 mm x metro (tira x 12mt);;;;;176471;21;35;$;;;
0;Tubo PEAD PE100 K6 Ř450 x 17,2 mm x metro (tira x 12mt);;;;;223268;21;35;$;;;
0;Tubo PEAD PE100 K6 Ř500 x 19,1 mm x metro (tira x 12mt);;;;;275425;21;35;$;;;
0;Tubo PEAD PE100 K6 Ř560 x 21,4 mm x metro (tira x 12mt);;;;;345668;21;35;$;;;
0;Tubo PEAD PE100 K6 Ř630 x 24,1 mm x metro (tira x 12mt);;;;;437923;21;35;$;;;
0;Tubo PEAD PE100 K6 Ř710 x 27,2 mm x metro (tira x 12mt);;;;;556974;21;35;$;;;
0;Tubo PEAD PE100 K6 Ř800 x 30,6 mm x metro (tira x 12mt);;;;;706075;21;35;$;;;
0;Tubo PEAD PE100 K6 Ř900 x 34,4 mm x metro (tira x 12mt);;;;;892977;21;35;$;;;
0;Tubo PEAD PE100 K6 Ř1000 x 38,2 mm x metro (tira x 12mt);;;;;1101890;21;35;$;;;
0;Tubo PEAD PE100 K6 Ř1200 x 45,9 mm x metro (tira x 12mt);;;;;1588620;21;35;$;;;
0;Tubo PEAD PE100 K8 Ř40 x 2,0 mm x metro (Rollo x 500mt);;;;;2297;21;35;$;;;
0;Tubo PEAD PE100 K8 Ř50 x 2,4 mm x metro (Rollo x 500mt);;;;;3445;21;35;$;;;
0;Tubo PEAD PE100 K8 Ř63 x 3,0 mm x metro (Rollo x 300 mt);;;;;5359;21;35;$;;;
0;Tubo PEAD PE100 K8 Ř75 x 3,6 mm x metro (Rollo x 200mt);;;;;7752;21;35;$;;;
0;Tubo PEAD PE100 K8 Ř90 x 4,3 mm x metro (tira x 12mt);;;;;11006;21;35;$;;;
0;Tubo PEAD PE100 K8 Ř110 x 5,3 mm x metro (tira x 12mt);;;;;16652;21;35;$;;;
0;Tubo PEAD PE100 K8 Ř125 x 6,0 mm x metro (tira x 12mt);;;;;21437;21;35;$;;;
0;Tubo PEAD PE100 K8 Ř140 x 6,7 mm x metro (tira x 12mt);;;;;26796;21;35;$;;;
0;Tubo PEAD PE100 K8 Ř160 x 7,7 mm x metro (tira x 12mt);;;;;35122;21;35;$;;;
0;Tubo PEAD PE100 K8 Ř180 x 8,6 mm x metro (tira x 12mt);;;;;44213;21;35;$;;;
0;Tubo PEAD PE100 K8 Ř200 x 9,6 mm x metro (tira x 12mt);;;;;54836;21;35;$;;;
0;Tubo PEAD PE100 K8 Ř225 x 10,8 mm x metro (tira x 12mt);;;;;69383;21;35;$;;;
0;Tubo PEAD PE100 K8 Ř250 x 11,9 mm x metro (tira x 12mt);;;;;84982;21;35;$;;;
0;Tubo PEAD PE100 K8 Ř280 x 13,4 mm x metro (tira x 12mt);;;;;107184;21;35;$;;;
0;Tubo PEAD PE100 K8 Ř315 x 15,0 mm x metro (tira x 12mt);;;;;134937;21;35;$;;;
0;Tubo PEAD PE100 K8 Ř355 x 16,9 mm x metro (tira x 12mt);;;;;171399;21;35;$;;;
0;Tubo PEAD PE100 K8 Ř400 x 19,1 mm x metro (tira x 12mt);;;;;218196;21;35;$;;;
0;Tubo PEAD PE100 K8 Ř450 x 21,5 mm x metro (tira x 12mt);;;;;276286;21;35;$;;;
0;Tubo PEAD PE100 K8 Ř500 x 23,9 mm x metro (tira x 12mt);;;;;341266;21;35;$;;;
0;Tubo PEAD PE100 K8 Ř560 x 26,7 mm x metro (tira x 12mt);;;;;427013;21;35;$;;;
0;Tubo PEAD PE100 K8 Ř630 x 30,0 mm x metro (tira x 12mt);;;;;539844;21;35;$;;;
0;Tubo PEAD PE100 K8 Ř710 x 33,9 mm x metro (tira x 12mt);;;;;687317;21;35;$;;;
0;Tubo PEAD PE100 K8 Ř800 x 38,1 mm x metro (tira x 12mt);;;;;870583;21;35;$;;;
0;Tubo PEAD PE100 K8 Ř900 x 42,9 mm x metro (tira x 12mt);;;;;1102751;21;35;$;;;
0;Tubo PEAD PE100 K8 Ř1000 x 47,7 mm x metro (tira x 12mt);;;;;1362290;21;35;$;;;
0;Tubo PEAD PE100 K8 Ř1200 x 57,2 mm x metro (tira x 12mt);;;;;1960415;21;35;$;;;
0;Tubo PEAD PE100 K10 Ř20 x 2,0 mm x metro (Rollo x 500mts);;;;;1212;21;35;$;;;
0;Tubo PEAD PE100 K10 Ř25 x 2,3 mm x metro (Rollo x 500mts);;;;;1543;21;35;$;;;
0;Tubo PEAD PE100 K10 Ř32 x 2,0 mm x metro (Rollo x 500mts);;;;;2094;21;35;$;;;
0;Tubo PEAD PE100 K10 Ř40 x 2,4 mm x metro (Rollo x 500mts);;;;;2680;21;35;$;;;
0;Tubo PEAD PE100 K10 Ř50 x 3,0 mm x metro (Rollo x 500mts);;;;;4211;21;35;$;;;
0;Tubo PEAD PE100 K10 Ř63 x 3,8 mm x metro (Rollo x 300mts);;;;;6699;21;35;$;;;
0;Tubo PEAD PE100 K10 Ř75 x 4,5 mm x metro (Rollo x 200 Mt);;;;;9474;21;35;$;;;
0;Tubo PEAD PE100 K10 Ř90 x 5,4 mm x metro (Rollo x 100 Mt);;;;;13685;21;35;$;;;
0;Tubo PEAD PE100 K10 Ř110 x 6,6 mm x metro (Rollo x 100 Mt);;;;;20480;21;35;$;;;
0;Tubo PEAD PE100 K10 Ř125 x 7,4 mm x metro (Tira x 12 mt);;;;;26126;21;35;$;;;
0;Tubo PEAD PE100 K10 Ř140 x 8,3 mm x metro (Tira x 12 mt);;;;;32825;21;35;$;;;
0;Tubo PEAD PE100 K10 Ř160 x 9,5 mm x metro (Tira x 12 mt);;;;;42874;21;35;$;;;
0;Tubo PEAD PE100 K10 Ř180 x 10,7 mm x metro (Tira x 12 mt);;;;;54358;21;35;$;;;
0;Tubo PEAD PE100 K10 Ř200 x 11,9 mm x metro (Tira x 12 mt);;;;;67086;21;35;$;;;
0;Tubo PEAD PE100 K10 Ř225 x 13,4 mm x metro (Tira x 12 mt);;;;;85077;21;35;$;;;
0;Tubo PEAD PE100 K10 Ř250 x 14,8 mm x metro (Tira x 12 mt);;;;;104409;21;35;$;;;
0;Tubo PEAD PE100 K10 Ř280 x 16,6 mm x metro (Tira x 12 mt);;;;;131109;21;35;$;;;
0;Tubo PEAD PE100 K10 Ř315 x 18,7 mm x metro (Tira x 12 mt);;;;;166135;21;35;$;;;
0;Tubo PEAD PE100 K10 Ř355 x 21,1 mm x metro (Tira x 12 mt);;;;;211306;21;35;$;;;
0;Tubo PEAD PE100 K10 Ř400 x 23,7 mm x metro (Tira x 12 mt);;;;;267482;21;35;$;;;
0;Tubo PEAD PE100 K10 Ř450 x 26,7 mm x metro (Tira x 12 mt);;;;;338969;21;35;$;;;
0;Tubo PEAD PE100 K10 Ř500 x 29,7 mm x metro (Tira x 12 mt);;;;;418879;21;35;$;;;
0;Tubo PEAD PE100 K10 Ř560 x 33,2 mm x metro (Tira x 12 mt);;;;;524532;21;35;$;;;
0;Tubo PEAD PE100 K10 Ř630 x 37,4 mm x metro (Tira x 12 mt);;;;;664637;21;35;$;;;
0;Tubo PEAD PE100 K10 Ř710 x 42,1 mm x metro (Tira x 12 mt);;;;;843308;21;35;$;;;
0;Tubo PEAD PE100 K10 Ř800 x 47,4 mm x metro (tira x 12mt);;;;;1069830;21;35;$;;;
0;Tubo PEAD PE100 K10 Ř900 x 53,3 mm x metro (tira x 12mt);;;;;1353389;21;35;$;;;
0;Tubo PEAD PE100 K10 Ř1000 x 59,3 mm x metro (tira x 12mt);;;;;1672932;21;35;$;;;
0;Tubo PEAD PE100 K12,5 Ř20 x 2,0 mm x metro (Rollo x 500mts);;;;;1053;21;35;$;;;
0;Tubo PEAD PE100 K12,5 Ř25 x 2 mm x metro (Rollo x 500mts);;;;;1340;21;35;$;;;
0;Tubo PEAD PE100 K12,5 Ř32 x 2,4 mm x metro (Rollo x 500mts);;;;;2105;21;35;$;;;
0;Tubo PEAD PE100 K12,5 Ř40 x 3 mm x metro (Rollo x 500mts);;;;;3350;21;35;$;;;
0;Tubo PEAD PE100 K12,5 Ř50 x 3,7 mm x metro (Rollo x 500mts);;;;;5168;21;35;$;;;
0;Tubo PEAD PE100 K12,5 Ř63 x 4,7 mm x metro (Rollo x 300mts);;;;;8230;21;35;$;;;
0;Tubo PEAD PE100 K12,5 Ř75 x 5,6 mm x metro (Rollo x 200 Mt);;;;;11675;21;35;$;;;
0;Tubo PEAD PE100 K12,5 Ř90 x 6,7 mm x metro (Rollo x 100 Mt);;;;;16748;21;35;$;;;
0;Tubo PEAD PE100 K12,5 Ř110 x 8,1 mm x metro (Rollo x 100 Mt);;;;;24786;21;35;$;;;
0;Tubo PEAD PE100 K12,5 Ř125 x 9,2 mm x metro (Tira x 12 mt);;;;;31964;21;35;$;;;
0;Tubo PEAD PE100 K12,5 Ř140 x 10,3 mm x metro (Tira x 12 mt);;;;;40098;21;35;$;;;
0;Tubo PEAD PE100 K12,5 Ř160 x 11,8 mm x metro (Tira x 12 mt);;;;;52444;21;35;$;;;
0;Tubo PEAD PE100 K12,5 Ř180 x 13,3 mm x metro (Tira x 12 mt);;;;;66512;21;35;$;;;
0;Tubo PEAD PE100 K12,5 Ř200 x 14,7 mm x metro (Tira x 12 mt);;;;;81728;21;35;$;;;
0;Tubo PEAD PE100 K12,5 Ř225 x 16,6 mm x metro (Tira x 12 mt);;;;;103739;21;35;$;;;
0;Tubo PEAD PE100 K12,5 Ř250 x 18,4 mm x metro (Tira x 12 mt);;;;;127760;21;35;$;;;
0;Tubo PEAD PE100 K12,5 Ř280 x 20,6 mm x metro (Tira x 12 mt);;;;;160298;21;35;$;;;
0;Tubo PEAD PE100 K12,5 Ř315 x 23,2 mm x metro (Tira x 12 mt);;;;;202980;21;35;$;;;
0;Tubo PEAD PE100 K12,5 Ř355 x 26,10 mm x metro (Tira x 12 mt);;;;;257433;21;35;$;;;
0;Tubo PEAD PE100 K12,5 Ř400 x 29,4 mm x metro (Tira x 12 mt);;;;;326720;21;35;$;;;
0;Tubo PEAD PE100 K12,5 Ř450 x 33,1 mm x metro (Tira x 12 mt);;;;;413807;21;35;$;;;
0;Tubo PEAD PE100 K12,5 Ř500 x 36,8 mm x metro (Tira x 12 mt);;;;;511229;21;35;$;;;
0;Tubo PEAD PE100 K12,5 Ř560 x 41,2 mm x metro (Tira x 12 mt);;;;;640999;21;35;$;;;
0;Tubo PEAD PE100 K12,5 Ř630 x 46,30 mm x metro (Tira x 12 mt);;;;;810483;21;35;$;;;
0;Tubo PEAD PE100 K12,5 Ř710 x 52,2 mm x metro (Tira x 12 mt);;;;;1029732;21;35;$;;;
0;Tubo PEAD PE100 K12,5 Ř800 x 58,8 mm x metro (tira x 12mt);;;;;1307071;21;35;$;;;
0;Tubo PEAD PE100 K12,5 Ř900 x 66,2 mm x metro (tira x 12mt);;;;;1655419;21;35;$;;;
0;Tubo PEAD PE100 K12,5 Ř1000 x 72,5 mm x metro (tira x 12mt);;;;;2016590;21;35;$;;;
0;Tubo PEAD PE100 K16 Ř20 x 2 mm x metro (Rollo x 500mts);;;;;1053;21;35;$;;;
0;Tubo PEAD PE100 K16 Ř25 x 2,3 mm x metro (Rollo x 500mts);;;;;1531;21;35;$;;;
0;Tubo PEAD PE100 K16 Ř32 x 2,9 mm x metro (Rollo x 500mts);;;;;2488;21;35;$;;;
0;Tubo PEAD PE100 K16 Ř40 x 3,7 mm x metro (Rollo x 500mts);;;;;4019;21;35;$;;;
0;Tubo PEAD PE100 K16 Ř50 x 4,6 mm x metro (Rollo x 500mts);;;;;6221;21;35;$;;;
0;Tubo PEAD PE100 K16 Ř63 x 5,8 mm x metro (Rollo x 300mts);;;;;9953;21;35;$;;;
0;Tubo PEAD PE100 K16 Ř75 x 6,8 mm x metro (Rollo x 200 Mt);;;;;13877;21;35;$;;;
0;Tubo PEAD PE100 K16 Ř90 x 8,2 mm x metro (Rollo x 100 Mt);;;;;20097;21;35;$;;;
0;Tubo PEAD PE100 K16 Ř110 x 10 mm x metro (Rollo x 100 Mt);;;;;29954;21;35;$;;;
0;Tubo PEAD PE100 K16 Ř125 x 11,4 mm x metro (Tira x 12 mt);;;;;38854;21;35;$;;;
0;Tubo PEAD PE100 K16 Ř140 x 12,70 mm x metro (Tira x 12 mt);;;;;48520;21;35;$;;;
0;Tubo PEAD PE100 K16 Ř160 x 14,60 mm x metro (Tira x 12 mt);;;;;63641;21;35;$;;;
0;Tubo PEAD PE100 K16 Ř180 x 16,40 mm x metro (Tira x 12 mt);;;;;80484;21;35;$;;;
0;Tubo PEAD PE100 K16 Ř200 x 18,2 mm x metro (Tira x 12 mt);;;;;99241;21;35;$;;;
0;Tubo PEAD PE100 K16 Ř225 x 20,5 mm x metro (Tira x 12 mt);;;;;125750;21;35;$;;;
0;Tubo PEAD PE100 K16 Ř250 x 22,7 mm x metro (Tira x 12 mt);;;;;154747;21;35;$;;;
0;Tubo PEAD PE100 K16 Ř280 x 25,4 mm x metro (Tira x 12 mt);;;;;193984;21;35;$;;;
0;Tubo PEAD PE100 K16 Ř315 x 28,6 mm x metro (Tira x 12 mt);;;;;245662;21;35;$;;;
0;Tubo PEAD PE100 K16 Ř355 x 32,2 mm x metro (Tira x 12 mt);;;;;311695;21;35;$;;;
0;Tubo PEAD PE100 K16 Ř400 x 36,30 mm x metro (Tira x 12 mt);;;;;395911;21;35;$;;;
0;Tubo PEAD PE100 K16 Ř450 x 40,90 mm x metro (Tira x 12 mt);;;;;501755;21;35;$;;;
0;Tubo PEAD PE100 K16 Ř500 x 45,4 mm x metro (Tira x 12 mt);;;;;618988;21;35;$;;;
0;Tubo PEAD PE100 K16 Ř560 x 50,80 mm x metro (Tira x 12 mt);;;;;775744;21;35;$;;;
0;Tubo PEAD PE100 K16 Ř630 x 57,2 mm x metro (Tira x 12 mt);;;;;982552;21;35;$;;;
0;Tubo PEAD PE100 K16 Ř710 x 64,5mm x metro (Tira x 12 mt);;;;;1248598;21;35;$;;;
0;Tubo PEAD PE100 K16 Ř800 x 72,6 mm x metro (tira x 12mt);;;;;1583739;21;35;$;;;
0;Tubo PEAD PE100 K16 Ř900 x 81,70 mm x metro (tira x 12mt);;;;;2005011;21;35;$;;;
0;Tubo PEAD PE100 K16 Ř1000 x 90,2 mm x metro (tira x 12mt);;;;;2461117;21;35;$;;;
0;Tubo PEAD PE100 K20 Ř50 x 5,6 mm x metro (Rollo x 500mts);;;;;7465;21;35;$;;;
0;Tubo PEAD PE100 K20 Ř63 x 7,1 mm x metro (Rollo x 300mts);;;;;11867;21;35;$;;;
0;Tubo PEAD PE100 K20 Ř75 x 8,0 mm x metro (Rollo x 200 Mt);;;;;0;21;35;$;;;
0;Tubo PEAD PE100 K20 Ř90 x 10,1 mm x metro (Rollo x 100 Mt);;;;;24212;21;35;$;;;
0;Tubo PEAD PE100 K20 Ř110 x 12,3 mm x metro (Rollo x 100 Mt);;;;;36079;21;35;$;;;
0;Tubo PEAD PE100 K20 Ř125 x 14 mm x metro (Tira x 12 mt);;;;;46606;21;35;$;;;
0;Tubo PEAD PE100 K20 Ř140 x 15,7 mm x metro (Tira x 12 mt);;;;;58568;21;35;$;;;
0;Tubo PEAD PE100 K20 Ř160 x 17,9 mm x metro (Tira x 12 mt);;;;;76273;21;35;$;;;
0;Tubo PEAD PE100 K20 Ř180 x 20,1 mm x metro (Tira x 12 mt);;;;;102399;21;35;$;;;
0;Tubo PEAD PE100 K20 Ř200 x 22,4mm x metro (Tira x 12 mt);;;;;119434;21;35;$;;;
0;Tubo PEAD PE100 K20 Ř225 x 25,2 mm x metro (Tira x 12 mt);;;;;151015;21;35;$;;;
0;Tubo PEAD PE100 K20 Ř250 x 27,9 mm x metro (Tira x 12 mt);;;;;185849;21;35;$;;;
0;Tubo PEAD PE100 K20 Ř280 x 31,3 mm x metro (Tira x 12 mt);;;;;233412;21;35;$;;;
0;Tubo PEAD PE100 K20 Ř315 x 35,2 mm x metro (Tira x 12 mt);;;;;287579;21;35;$;;;
0;Tubo PEAD PE100 K20 Ř355 x 39,7 mm x metro (Tira x 12 mt);;;;;375623;21;35;$;;;
101070100040034;Monotubo Ř 40 x 3 mm x 1 (Rollos por 500mts.);;;;;2373;21;35;$;;;
101070100110002;Monotubo Ř 40 x 2,6 mm x 1 (Rollos por 500mts.) ;;;;;2169;21;35;$;;;
101070200402003;Bitubo Ř 40 x 3 mm x 2 (Rollos por 750mts.);;;;;4745;21;35;$;;;
101070201402003;Bitubo Ř 40 x 2,6 mm x 2 (Rollos por 750mts.) ;;;;;4338;21;35;$;;;
101070300040030;Tritubo Ř 40 x 3 mm x 3 (Rollos por 500/600 );;;;;7118;21;35;$;;;
101070301040030;Tritubo Ř 40 x 2,6 mm x 3 (Rollos por 500/600mts.) ;;;;;6101;21;35;$;;;
101070400040030;Cuatritubo Ř 40 x 3 mm x 4 (Rollo x 500mts);;;;;10168;21;35;$;;;
0;Tubocanal PVC Perfilado Helicoidal Ř350 Perfil 1 x Metro;;;;;39985;21;35;$;;;
0;Tubocanal PVC Perfilado Helicoidal Ř400 Perfil 1 x Metro;;;;;44381;21;35;$;;;
0;Tubocanal PVC Perfilado Helicoidal Ř450 Perfil 1 x Metro;;;;;53257;21;35;$;;;
0;Tubocanal PVC Perfilado Helicoidal Ř500 Perfil 1 x Metro;;;;;57737;21;35;$;;;
0;Tubocanal PVC Perfilado Helicoidal Ř550 Perfil 1 x Metro;;;;;62133;21;35;$;;;
0;Tubocanal PVC Perfilado Helicoidal Ř600 Perfil 1 x Metro;;;;;71009;21;35;$;;;
0;Tubocanal PVC Perfilado Helicoidal Ř650 Perfil 1 x Metro;;;;;75490;21;35;$;;;
0;Tubocanal PVC Perfilado Helicoidal Ř700 Perfil 1 x Metro;;;;;79886;21;35;$;;;
0;Tubocanal PVC Perfilado Helicoidal Ř700 Perfil 2 x Metro;;;;;142019;21;35;$;;;
0;Tubocanal PVC Perfilado Helicoidal Ř750 Perfil 2 x Metro;;;;;150895;21;35;$;;;
0;Tubocanal PVC Perfilado Helicoidal Ř800 Perfil 2 x Metro;;;;;159771;21;35;$;;;
0;Tubocanal PVC Perfilado Helicoidal Ř850 Perfil 2 x Metro;;;;;168647;21;35;$;;;
0;Tubocanal PVC Perfilado Helicoidal Ř900 Perfil 2 x Metro;;;;;177524;21;35;$;;;
0;Tubocanal PVC Perfilado Helicoidal Ř950 Perfil 2 x Metro;;;;;185977;21;35;$;;;
0;Tubocanal PVC Perfilado Helicoidal Ř1000 Perfil 2 x Metro;;;;;195276;21;35;$;;;
0;Tubocanal PVC Perfilado Helicoidal Ř1100 Perfil 2 x Metro;;;;;213028;21;35;$;;;
0;Tubocanal PVC Perfilado Helicoidal Ř1200 Perfil 2 x Metro;;;;;239657;21;35;$;;;
0;Tubocanal PVC Perfilado Helicoidal Ř1200 Perfil 3 x Metro;;;;;351835;21;35;$;;;
0;Tubocanal PVC Perfilado Helicoidal Ř1300 Perfil 3 x Metro;;;;;381084;21;35;$;;;
0;Tubocanal PVC Perfilado Helicoidal Ř1400 Perfil 3 x Metro;;;;;410417;21;35;$;;;
0;Tubocanal PVC Perfilado Helicoidal Ř1500 Perfil 3 x Metro;;;;;439751;21;35;$;;;
0;Tubocanal PVC Perfilado Helicoidal Ř1600 Perfil 5 x Metro;;;;;559622;21;35;$;;;
0;Tubocanal PVC Perfilado Helicoidal Ř1700 Perfil 5 x Metro;;;;;593943;21;35;$;;;
0;Tubocanal PVC Perfilado Helicoidal Ř1800 Perfil 5,1 x Metro;;;;;693018;21;35;$;;;
0;Tubocanal PVC Perfilado Helicoidal Ř1850 Perfil 5,1 x Metro;;;;;711954;21;35;$;;;
0;Tubocanal PVC Perfilado Helicoidal Ř1900 Perfil 5,1 x Metro;;;;;730890;21;35;$;;;
0;Tubocanal PVC Perfilado Helicoidal Ř2000 Perfil 5,1 x Metro;;;;;768677;21;35;$;;;
0;Tubocanal PVC Perfilado Helicoidal Ř2100 Perfil 5,1 x Metro;;;;;806464;21;35;$;;;
0;Tubocanal PVC Perfilado Helicoidal Ř2200 Perfil 5,1 x Metro;;;;;844336;21;35;$;;;
0;Tubocanal PVC Perfilado Helicoidal Ř2300 Perfil 5,1 x Metro;;;;;896494;21;35;$;;;
0;Adhesivo disolvente para Tubocanal® U7 x Litro;;;;;10875;21;35;$;;;
0;Tubo PVC Roscado MH Ř116 x 7,0 x 3  (mm / mm / mts) ;;;;;100224;21;35;$;;;
0;Tubo PVC Roscado MH Ř116 x 7,0 x 6  (mm / mm / mts) ;;;;;200448;21;35;$;;;
0;Tubo PVC Roscado MH Ř125 x 7,0 x 3  (mm / mm / mts) ;;;;;110525;21;35;$;;;
0;Tubo PVC Roscado MH Ř125 x 7,0 x 6  (mm / mm / mts) ;;;;;221050;21;35;$;;;
0;Tubo PVC Roscado MH Ř140 x 7,0 x 3  (mm / mm / mts) ;;;;;124584;21;35;$;;;
0;Tubo PVC Roscado MH Ř140 x 7,0 x 6  (mm / mm / mts) ;;;;;249168;21;35;$;;;
0;Tubo PVC Roscado MH Ř160 x 7,7 x 3  (mm / mm / mts) ;;;;;150800;21;35;$;;;
0;Tubo PVC Roscado MH Ř160 x 7,7 x 6  (mm / mm / mts) ;;;;;301600;21;35;$;;;
0;Tubo PVC Roscado MH Ř200 x 9,6 x 3  (mm / mm / mts) ;;;;;242858;21;35;$;;;
0;Tubo PVC Roscado MH Ř200 x 9,6 x 6  (mm / mm / mts) ;;;;;485715;21;35;$;;;
0;Tubo PVC Roscado MH Ř250 x 11,9 x 3  (mm / mm / mts) ;;;;;313200;21;35;$;;;
0;Tubo PVC Roscado MH Ř250 x 11,9 x 6  (mm / mm / mts);;;;;626400;21;35;$;;;
